mutation,metal
G>A,Cd
del,Cd
del,Cd
del,Cd
G>A,Cd
A>C,Cd
A>G,Cd
G>T,Cd
del,Cd
G>A,Cd
del,Cd
del,Cd
C>T,Cd
A>G,Cd
del,Cd
del,Cd
G>A,Cd
del,Cd
C>T,Cd
T>C,Cd
C>A,Cd
del,Cd
del,Cd
del,Cd
G>A,Cd
del,Cd
C>T,Cd
del,Cd
A>C,Cd
G>C,Cd
G>A,Cd
del,Cd
del,Cd
del,Cd
del,Cd
A>G,Cd
A>G,Cd
del,Cd
A>G,Cd
G>A,Cd
del,Cd
del,Cd
del,Cd
G>A,Cd
G>A,Cd
G>A,Cd
A>G,Cd
T>C,Cd
C>G,Co
G>A,Co
G>T,Co
del,Co
A>T,Co
G>C,Co
G>C,Co
T>C,Co
G>T,Co
G>A,Co
C>A,Co
C>G,Co
C>T,Co
C>T,Co
T>A,Co
del,Co
C>T,Co
C>A,Co
G>C,Co
T>C,Co
T>A,Co
C>A,Co
del,Co
C>A,Co
T>C,Co
A>C,Co
A>T,Co
A>T,Co
C>T,Co
A>T,Co
T>A,Co
G>A,Co
C>T,Co
G>A,Co
G>A,Co
T>G,Co
C>G,Co
A>C,Co
G>T,Co
A>C,Co
G>A,Co
C>A,Co
C>G,Co
C>T,Co
A>G,Co
T>C,Co
G>A,Co
C>T,Co
dup,Co
A>C,Co
C>T,Co
G>A,Co
G>A,Co
T>A,Co
A>T,Co
T>G,Co
C>A,Co
A>C,Co
del,Co
C>G,Co
A>C,Co
T>C,Co
G>C,Co
G>T,Co
del,Co
C>G,Co
A>G,Co
C>G,Co
G>A,Co
A>T,Co
C>T,Co
C>A,Co
G>T,Co
A>C,Co
A>G,Co
C>T,Co
C>T,Co
G>T,Co
G>C,Co
G>A,Co
T>A,Co
T>C,Co
A>T,Co
G>A,Co
C>T,Co
del,Co
C>T,Co
C>T,Cu
T>C,Cu
C>T,Cu
C>T,Cu
T>C,Cu
G>T,Cu
G>A,Cu
C>T,Cu
C>A,Cu
T>C,Cu
A>C,Cu
A>C,Cu
T>C,Cu
C>T,Cu
G>T,Cu
G>T,Cu
C>T,Cu
G>C,Cu
A>G,Cu
C>T,Mn
T>C,Mn
G>C,Mn
T>C,Mn
T>G,Mn
C>G,Mn
C>A,Mn
G>T,Mn
G>A,Mn
T>A,Mn
C>T,Mn
G>T,Mn
C>T,Mn
A>G,Mn
del,Mn
C>T,MnBM14
C>T,MnBM14
A>G,MnBM14
C>T,MnBM14
G>A,MnBM14
G>A,MnBM14
G>A,MnBM14
G>A,MnBM14
G>T,MnBM14
C>T,MnBM14
C>T,MnBM14
G>A,MnBM14
A>G,MnBM14
G>A,MnBM14
G>A,MnBM14
C>T,MnBM14
C>T,MnBM14
A>G,MnBM14
G>A,MnBM14
C>T,MnBM14
C>T,MnBM14
C>T,MnBM14
C>T,MnBM14
A>T,MnBM14
C>T,MnBM14
C>T,MnBM14
C>T,MnBM14
G>A,MnBM14
G>A,MnBM14
A>G,MnBM14
A>T,MnBM14
G>C,MnBM14
del,Mn
A>G,Mn
C>T,Mn
del,Mn
G>A,Mn
G>C,Mn
T>G,Mn
G>A,Mn
A>G,Mn
G>T,Mn
C>A,Mn
C>T,Mn
del,Mn
T>A,Mn
del,Mn
del,Mn
G>A,Mn
C>T,Mn
C>A,Mn
del,Mn
T>A,Mn
T>A,Mn
G>T,Mn
A>T,Mn
T>A,Mn
del,Mn
G>T,Mn
T>A,Mn
del,Mn
T>G,Mn
C>T,Mn
C>A,Mn
C>G,Mn
T>A,Mn
del,Mn
G>T,Mn
C>A,Mn
del,Mn
G>A,Mn
T>G,Mn
G>A,Mn
G>A,Mn
C>T,Mn
G>A,Mn
C>T,Mn
A>T,Mn
del,Mn
C>T,Mn
T>C,Mn
G>A,Mn
G>A,Mn
G>A,Mn
A>C,Mn
C>A,Mn
T>A,Mn
A>T,Mn
A>G,Mn
C>G,Mn
A>G,Mn
C>T,Mn
C>T,Mn
A>T,Mn
A>T,Mn
C>G,MnBM42
C>T,MnBM42
T>C,MnBM42
G>A,MnBM42
A>G,MnBM42
C>A,MnBM42
G>A,MnBM42
A>G,MnBM42
T>C,MnBM42
T>G,MnBM42
A>G,MnBM42
G>A,MnBM42
A>G,MnBM42
T>G,MnBM42
A>G,MnBM42
C>T,MnBM42
T>A,MnBM42
C>T,MnBM42
G>A,MnBM42
C>A,MnBM42
G>T,MnBM42
T>A,MnBM42
A>G,MnBM42
T>G,MnBM42
G>A,MnBM42
G>A,MnBM42
G>T,MnBM42
A>T,MnBM42
C>A,MnBM42
A>T,MnBM42
C>T,MnBM42
G>C,MnBM42
G>T,MnBM42
G>T,MnBM42
G>A,MnBM42
G>T,MnBM42
G>A,MnBM42
G>T,MnBM42
T>C,MnBM42
C>T,MnBM42
del,MnBM42
G>A,MnBM42
T>A,MnBM42
T>C,MnBM42
G>T,MnBM42
A>C,MnBM42
G>T,MnBM42
A>G,MnBM42
G>T,MnBM42
G>T,MnBM42
C>T,MnBM42
G>A,MnBM42
C>T,MnBM42
G>A,MnBM42
G>T,MnBM42
T>A,MnBM42
C>T,MnBM42
G>T,MnBM42
C>T,MnBM42
C>T,MnBM42
T>C,MnBM42
T>G,MnBM42
C>T,MnBM42
A>G,MnBM42
C>T,MnBM42
G>A,MnBM42
C>A,MnBM42
G>T,MnBM42
T>C,MnBM42
G>A,MnBM42
G>A,MnBM42
A>T,MnBM42
C>T,MnBM42
C>T,MnBM42
A>G,MnBM42
G>A,MnBM42
A>G,MnBM42
G>T,MnBM42
T>C,MnBM42
T>C,MnBM42
A>C,MnBM42
C>T,MnBM42
A>G,MnBM42
A>G,MnBM42
C>T,MnBM42
C>T,MnBM42
G>T,MnBM42
del,MnBM42
A>G,MnBM42
G>T,MnBM42
G>A,MnBM42
G>A,MnBM42
C>A,MnBM42
G>T,Ni
dup,Ni
G>T,Ni
C>T,Ni
A>G,Ni
G>T,Ni
G>A,Ni
T>C,Ni
G>C,Ni
C>T,Ni
A>G,Ni
del,Ni
A>T,Ni
del,Ni
C>T,Ni
G>A,Ni
G>T,Ni
C>A,Ni
C>T,Ni
dup,Ni
C>A,Ni
G>T,Ni
C>T,Ni
del,Ni
G>T,Zn
C>A,Zn
G>T,Zn
G>T,Zn
C>T,Zn
G>C,Zn
T>C,Zn
C>A,Zn
A>T,Zn
C>T,Zn
C>T,Zn
G>C,Zn
G>C,Zn
C>A,Zn
A>C,Zn
C>T,Zn
A>G,Zn
G>A,Zn
del,Zn
G>T,Zn
G>C,Zn
G>A,Zn
del,Zn
A>G,Zn
del,Zn
A>T,Zn
A>T,Zn
A>T,Zn
T>C,Zn
G>C,Zn
del,Zn
T>C,Zn
G>C,Zn
C>G,Zn