,evo_line,GENE,CHROM,POS,REF,ALT,E1
1,CdBM23,KTR3,chrII,634214,G,A,Cd
2,CdBM23,CYK3,chrIV,249010,GA,G,Cd
3,CdBM23,YRB2,chrIX,243630,CT,C,Cd
4,CdBM25,SFP1,chrXII,927603,GC,G,Cd
5,CdBM25,FKS3,chrXIII,882649,G,A,Cd
6,CdBM26,MET30,chrIX,269753,A,C,Cd
7,CdBM26,HMF1,chrV,270774,T,C,Cd
8,CdBM26,MYO2,chrXV,929249,G,T,Cd
9,CdBM29,RTC2,chrII,537159,TA,T,Cd
10,CdBM29,PBP2,chrII,683908,G,A,Cd
11,CdBM29,KIN1,chrIV,694840,ACAG,A,Cd
12,CdBM29,SPO11,chrVIII,63926,CT,C,Cd
13,CdBM29,SFP1,chrXII,926537,C,T,Cd
14,CdBM29,PHM7,chrXV,162510,A,G,Cd
15,CdBM30,KIN82,chrIII,275091,TC,T,Cd
16,CdBM30,DNF1,chrV,516594,G,GT,Cd
17,CdBM30,HUL5,chrVII,240739,G,A,Cd
18,CdBM30,SPO77,chrXII,807779,CA,C,Cd
19,CdBM30,SFP1,chrXII,927434,C,T,Cd
20,CdBM30,CSM3,chrXIII,367082,T,C,Cd
21,CdBM30,ERB1,chrXIII,369659,G,T,Cd
22,CdBM30,ABP140,chrXV,785519,CA,C,Cd
23,CdBM30,DBF20,chrXVI,747862,CA,C,Cd
24,CdBM32,HO,chrIV,46589,CT,C,Cd
25,CdBM32,UBC1,chrIV,817301,G,A,Cd
26,CdBM32,YAP6,chrIV,974680,AT,A,Cd
27,CdBM32,YOR1,chrVII,1053612,C,T,Cd
28,CdBM32,EFR3,chrXIII,692578,TA,T,Cd
29,CdBM32,RRP5,chrXIII,732526,T,G,Cd
30,CdBM32,FET4,chrXIII,912911,C,G,Cd
31,CdBM32,RPT5,chrXV,546205,G,A,Cd
32,CdBM37,SAP4,chrVII,65388,AT,A,Cd
33,CdBM37,UBR2,chrXII,191296,GA,G,Cd
34,CdBM37,YML018C,chrXIII,236652,CT,C,Cd
35,CdBM39,PPQ1,chrXVI,208936,CA,C,Cd
36,CdBM42,POL3,chrIV,277623,A,G,Cd
37,CdBM42,DDR48,chrXIII,609388,A,G,Cd
38,CdBM42,FET4,chrXIII,914235,TA,T,Cd
39,CdBM42,SMF1,chrXV,91346,T,C,Cd
40,CdBM43,KTR3,chrII,634214,G,A,Cd
41,CdBM43,YRB2,chrIX,243630,CT,C,Cd
42,CdBM44,BNA6,chrVI,245165,AT,A,Cd
43,CdBM44,INP2,chrXIII,585173,AT,A,Cd
44,CdBM45,HUL5,chrVII,240693,G,A,Cd
45,CdBM46,HUL5,chrVII,240693,G,A,Cd
46,CdBM47,HUL5,chrVII,240693,G,A,Cd
47,CdBM47,MLS1,chrXIV,407160,A,G,Cd
48,CdBM48,SPS100,chrVIII,378250,A,G,Cd
49,CoBM1,PDX1,chrVII,885051,G,C,Co
50,CoBM1,PHO84,chrXIII,25178,C,T,Co
51,CoBM1,TAF8,chrXIII,42805,C,A,Co
52,CoBM1,HHF2,chrXIV,577027,TTCGGTGGTTAAACAA,T,Co
53,CoBM12,NUG1,chrV,164204,A,T,Co
54,CoBM12,KSP1,chrVIII,268511,C,G,Co
55,CoBM12,VPS63,chrXII,668352,C,G,Co
56,CoBM12,MAM3,chrXV,215342,A,G,Co
57,CoBM12,MDL 2.00,chrXVI,30675,G,T,Co
58,CoBM14,PKC1,chrII,17571,C,T,Co
59,CoBM14,CHC1,chrVII,105696,G,T,Co
60,CoBM14,OCA5,chrVIII,47582,G,C,Co
61,CoBM14,GRR1,chrX,591908,G,A,Co
62,CoBM14,CYT2,chrXI,277675,G,A,Co
63,CoBM14,IDH1,chrXIV,558815,A,T,Co
64,CoBM15,TOM1,chrIV,1375220,CT,C,Co
65,CoBM15,SSQ1,chrXII,860006,C,T,Co
66,CoBM15,IOC4,chrXIII,356311,C,A,Co
67,CoBM15,TPS3,chrXIII,792034,C,G,Co
68,CoBM15,FSF1,chrXV,831557,A,G,Co
69,CoBM16,MAS2,chrVIII,158818,A,T,Co
70,CoBM16,TRL 1,chrX,270084,G,T,Co
71,CoBM16,ALY2,chrX,277922,CA,C,Co
72,CoBM16,SIW14,chrXIV,575167,C,A,Co
73,CoBM16,RHO1,chrXVI,875682,T,C,Co
74,CoBM17,GPB2,chrI,40593,A,C,Co
75,CoBM17,RAD16,chrII,467332,A,T,Co
76,CoBM17,UME6,chrIV,867413,T,A,Co
77,CoBM17,AFT1,chrVII,372520,C,T,Co
78,CoBM17,GCD2,chrVII,644958,T,A,Co
79,CoBM17,SIW14,chrXIV,575008,T,A,Co
80,CoBM18,SYG1,chrIX,266383,C,T,Co
81,CoBM18,SET2,chrX,103711,G,A,Co
82,CoBM18,MCK1,chrXIV,57472,C,T,Co
83,CoBM18,SIW14,chrXIV,575229,G,A,Co
84,CoBM18,MAM3,chrXV,215920,A,C,Co
85,CoBM18,RPS15,chrXV,253378,G,C,Co
86,CoBM18,ASN1,chrXVI,822877,A,C,Co
87,CoBM2,VTC4,chrX,412379,C,A,Co
88,CoBM2,HSL1,chrXI,249736,A,C,Co
89,CoBM2,APC2,chrXII,397423,C,T,Co
90,CoBM2,RCE1,chrXIII,814661,G,T,Co
91,CoBM2,BNI1,chrXIV,132973,G,C,Co
92,CoBM2,SIW14,chrXIV,574713,C,T,Co
93,CoBM20,SPT2,chrV,500260,T,C,Co
94,CoBM20,NAB2,chrVII,279126,A,G,Co
95,CoBM20,MED6,chrVIII,219699,C,T,Co
96,CoBM20,SPO20,chrXIII,308479,C,T,Co
97,CoBM20,SIW14,chrXIV,574928,G,GT,Co
98,CoBM20,SIW14,chrXIV,574936,A,C,Co
99,CoBM20,TGL5,chrXV,478283,G,A,Co
100,CoBM21,OCA4,chrIII,288718,C,T,Co
101,CoBM21,PMA1,chrVII,481133,C,T,Co
102,CoBM21,STP3,chrXII,871981,T,A,Co
103,CoBM21,KAR3,chrXVI,815942,T,A,Co
104,CoBM3,CLN3,chrI,66785,A,C,Co
105,CoBM3,YDR269C,chrIV,1005804,G,T,Co
106,CoBM3,FYV10,chrIX,181770,A,C,Co
107,CoBM3,VTC4,chrX,411818,CG,C,Co
108,CoBM3,VTC4,chrX,411821,G,C,Co
109,CoBM3,TRK2,chrXI,529178,A,C,Co
110,CoBM3,RED1,chrXII,672772,T,C,Co
111,CoBM4,RKM3,chrII,299270,G,C,Co
112,CoBM4,ERG1,chrVII,848366,C,A,Co
113,CoBM5,VTC1,chrV,303000,TA,T,Co
114,CoBM5,YCT1,chrXII,30835,C,G,Co
115,CoBM5,YHC1,chrXII,724909,T,C,Co
116,CoBM5,PLB2,chrXIII,278590,G,C,Co
117,CoBM5,RIM11,chrXIII,547166,G,A,Co
118,CoBM6,SHP 1.00,chrII,112395,A,T,Co
119,CoBM6,RBK1,chrIII,193474,C,T,Co
120,CoBM6,PKP1,chrIX,275280,G,T,Co
121,CoBM6,VTC4,chrX,413090,C,A,Co
122,CoBM6,URB1,chrXI,415085,T,G,Co
123,CoBM6,NFT1,chrXI,655246,A,G,Co
124,CoBM6,DUS4,chrXII,930419,C,T,Co
125,CoBM6,MCT1,chrXV,756662,G,A,Co
126,CoBM7,TFB1,chrIV,1086043,G,T,Co
127,CoBM7,PMA1,chrVII,482195,C,G,Co
128,CoBM7,SFP1,chrXII,927464,G,A,Co
129,CoBM7,BUL2,chrXIII,48465,T,A,Co
130,CoBM7,RRP6,chrXV,327032,T,C,Co
131,CoBM8,EBS1,chrIV,864180,A,T,Co
132,CoBM8,VTC1,chrV,302912,G,A,Co
133,CoBM8,NSR1,chrVII,806709,G,A,Co
134,CoBM8,PTK2,chrX,547433,TAG,T,Co
135,CoBM8,PTK2,chrX,547441,C,T,Co
136,CuBM10,RSE1,chrXIII,176494,G,A,Cu
137,CuBM11,TFG1,chrVII,869872,T,C,Cu
138,CuBM12,RSE1,chrXIII,176494,G,A,Cu
139,CuBM13,RSE1,chrXIII,176494,G,A,Cu
140,CuBM14,TFG1,chrVII,869872,T,C,Cu
141,CuBM14,BUL1,chrXIII,817667,C,A,Cu
142,CuBM14,FIG4,chrXIV,29337,C,T,Cu
143,CuBM14,PYK2,chrXV,985697,G,A,Cu
144,CuBM15,COQ1,chrII,243326,C,A,Cu
145,CuBM17,TFG1,chrVII,869872,T,C,Cu
146,CuBM18,ROG1,chrVII,232669,T,G,Cu
147,CuBM18,TFG1,chrVII,869872,T,C,Cu
148,CuBM18,PRP2,chrXIV,644572,G,A,Cu
149,CuBM3,PMA1,chrVII,482217,C,A,Cu
150,CuBM4,RSC1,chrVII,602841,G,T,Cu
151,CuBM4,RSE1,chrXIII,176494,G,A,Cu
152,CuBM6,DNF1,chrV,513891,G,C,Cu
153,CuBM6,ATG2,chrXIV,195289,A,G,Cu
154,CuBM7,BLM10,chrVI,127204,C,T,Cu
155,CuBM7,TFG1,chrVII,869872,T,C,Cu
156,CuBM9,MMS4,chrII,442065,G,C,Cu
157,CuBM9,TFG1,chrVII,869872,T,C,Cu
158,CuBM9,KSP1,chrVIII,271417,A,C,Cu
159,MnBM12,VCX1,chrIV,233168,C,G,Mn
160,MnBM12,ERG27,chrXII,341936,C,A,Mn
161,MnBM12,SSK2,chrXIV,681959,C,A,Mn
162,MnBM12,DSE4,chrXIV,757064,C,T,Mn
163,MnBM12,PDR10,chrXV,932506,T,A,Mn
164,MnBM13,SMY2,chrII,579318,G,A,Mn
165,MnBM13,VPS74,chrIV,1221843,C,A,Mn
166,MnBM13,FYV10,chrIX,181615,C,T,Mn
167,MnBM13,UBP5,chrV,459312,T,C,Mn
168,MnBM13,MAM3,chrXV,214417,GT,G,Mn
169,MnBM14,CNE1,chrI,37834,C,T,Mn
170,MnBM14,CNE1,chrI,38041,C,T,Mn
171,MnBM14,FLC2,chrI,48206,A,G,Mn
172,MnBM14,OAF1,chrI,48640,C,T,Mn
173,MnBM14,FIG2,chrIII,270029,G,A,Mn
174,MnBM14,CLB3,chrIV,178021,G,A,Mn
175,MnBM14,VCX1,chrIV,233180,G,A,Mn
176,MnBM14,MSS2,chrIV,269955,G,A,Mn
177,MnBM14,QRI7,chrIV,273879,C,A,Mn
178,MnBM14,SUM1,chrIV,1083280,G,A,Mn
179,MnBM14,PIB1,chrIV,1089472,G,A,Mn
180,MnBM14,PAU10,chrIV,1523306,G,A,Mn
181,MnBM14,ZRT1,chrVII,21582,A,G,Mn
182,MnBM14,UTP8,chrVII,748798,C,T,Mn
183,MnBM14,UTP8,chrVII,749839,C,T,Mn
184,MnBM14,SYF2,chrVII,750554,C,T,Mn
185,MnBM14,YOR1,chrVII,1055438,C,T,Mn
186,MnBM14,CIC1,chrVIII,211267,A,G,Mn
187,MnBM14,SSZ1,chrVIII,226595,C,T,Mn
188,MnBM14,PCL5,chrVIII,237545,C,T,Mn
189,MnBM14,ERG7,chrVIII,240532,C,T,Mn
190,MnBM14,LAM1,chrVIII,407313,C,T,Mn
191,MnBM14,LAM1,chrVIII,407513,C,T,Mn
192,MnBM14,YPK1,chrXI,206869,A,T,Mn
193,MnBM14,MDM30,chrXII,858040,C,T,Mn
194,MnBM14,NAR1,chrXIV,199110,G,A,Mn
195,MnBM14,FYV6,chrXIV,374578,G,A,Mn
196,MnBM14,TOP 2.00,chrXIV,461419,G,A,Mn
197,MnBM14,MKT1,chrXIV,469502,G,A,Mn
198,MnBM14,SWS2,chrXIV,476401,T,C,Mn
199,MnBM14,MLF 2.00,chrXIV,487720,T,A,Mn
200,MnBM14,TOP 1.00,chrXV,315291,C,G,Mn
201,MnBM15,NA,chrM,14419,TA,T,Mn
202,MnBM15,CDC25,chrXII,755928,TC,T,Mn
203,MnBM16,SUB2,chrIV,305733,A,G,Mn
204,MnBM16,MET10,chrVI,216146,C,T,Mn
205,MnBM16,MAM3,chrXV,214928,GC,G,Mn
206,MnBM16,PET127,chrXV,361851,G,A,Mn
207,MnBM16,ULS1,chrXV,695079,G,C,Mn
208,MnBM17,LRG1,chrIV,23136,T,G,Mn
209,MnBM17,ERG9,chrVIII,484871,G,A,Mn
210,MnBM17,MPA43,chrXIV,180823,T,C,Mn
211,MnBM17,MAM3,chrXV,215066,C,A,Mn
212,MnBM18,ALD5,chrV,304100,C,A,Mn
213,MnBM18,BIR1,chrX,588774,C,T,Mn
214,MnBM18,CDC25,chrXII,753381,TCAAAAATGTTCTCATAATGTTGAC,T,Mn
215,MnBM20,CDC25,chrXII,755855,A,T,Mn
216,MnBM20,CDC25,chrXII,755857,GC,G,Mn
217,MnBM21,NA,chrM,25342,C,A,Mn
218,MnBM21,NA,chrM,26112,A,AT,Mn
219,MnBM21,CDC25,chrXII,752946,AT,A,Mn
220,MnBM23,ARO3,chrIV,522083,G,A,Mn
221,MnBM23,ADR1,chrIV,896208,C,T,Mn
222,MnBM23,NPL3,chrIV,1329113,C,A,Mn
223,MnBM23,TRT2,chrXI,46762,TC,T,Mn
224,MnBM23,CDC25,chrXII,755637,A,T,Mn
225,MnBM23,CDC25,chrXII,755641,A,T,Mn
226,MnBM24,PRI2,chrXI,354438,G,T,Mn
227,MnBM24,CDC25,chrXII,755784,T,A,Mn
228,MnBM24,CDC25,chrXII,755785,A,T,Mn
229,MnBM24,CDC25,chrXII,755790,TA,T,Mn
230,MnBM25,CDC25,chrXII,753045,C,A,Mn
231,MnBM25,PDR10,chrXV,934229,T,A,Mn
232,MnBM27,CDC25,chrXII,755841,G,GT,Mn
233,MnBM27,MSC6,chrXV,1001702,A,C,Mn
234,MnBM28,VCX1,chrIV,233157,C,T,Mn
235,MnBM29,HBT1,chrIV,58214,G,T,Mn
236,MnBM29,VCX1,chrIV,233168,C,G,Mn
237,MnBM29,FZF1,chrVII,22857,T,A,Mn
238,MnBM31,AGP1,chrIII,76154,AT,A,Mn
239,MnBM31,AGP1,chrIII,76159,C,A,Mn
240,MnBM31,CCW12,chrXII,369713,G,T,Mn
241,MnBM31,MAM3,chrXV,214417,GT,G,Mn
242,MnBM31,PEP12,chrXV,400693,G,A,Mn
243,MnBM31,HIR2,chrXV,403773,A,C,Mn
244,MnBM32,MSS2,chrIV,269200,G,A,Mn
245,MnBM32,SBE2,chrIV,1178933,G,A,Mn
246,MnBM32,HXT13,chrV,22913,G,A,Mn
247,MnBM32,YFL021C-A,chrVI,96312,C,T,Mn
248,MnBM32,MDN1,chrXII,366244,G,A,Mn
249,MnBM32,RMP1,chrXII,432455,A,T,Mn
250,MnBM32,CDC25,chrXII,756549,GC,G,Mn
251,MnBM32,VRP1,chrXII,804694,G,A,Mn
252,MnBM32,TUS1,chrXII,984340,T,C,Mn
253,MnBM32,RCO1,chrXIII,414724,G,A,Mn
254,MnBM32,ILV2,chrXIII,484091,G,A,Mn
255,MnBM32,ISU1,chrXVI,297897,G,A,Mn
256,MnBM34,SFH5,chrX,145859,A,C,Mn
257,MnBM34,UTH1,chrXI,519756,C,A,Mn
258,MnBM34,PHR1,chrXV,1068424,T,A,Mn
259,MnBM38,COG1,chrVII,80104,T,A,Mn
260,MnBM38,FRE6,chrXII,37938,T,C,Mn
261,MnBM38,KRE5,chrXV,952618,C,G,Mn
262,MnBM38,GPB1,chrXV,1033961,T,C,Mn
263,MnBM39,ACT1,chrVI,58389,G,A,Mn
264,MnBM39,PDR1,chrVII,470618,G,A,Mn
265,MnBM39,RRP46,chrVII,675732,T,A,Mn
266,MnBM39,BNI4,chrXIV,214433,A,T,Mn
267,MnBM42,CCR4,chrI,112637,G,C,Mn
268,MnBM42,CCR4,chrI,113278,G,A,Mn
269,MnBM42,MRPL36,chrII,484228,A,G,Mn
270,MnBM42,SWC5,chrII,682726,C,T,Mn
271,MnBM42,YIH1,chrIII,223643,T,C,Mn
272,MnBM42,ABP1,chrIII,265691,A,C,Mn
273,MnBM42,UGA3,chrIV,157116,C,A,Mn
274,MnBM42,OSH2,chrIV,417674,C,T,Mn
275,MnBM42,YCF1,chrIV,726227,T,C,Mn
276,MnBM42,YRA1,chrIV,1237754,T,C,Mn
277,MnBM42,TOM1,chrIV,1371088,T,G,Mn
278,MnBM42,HEH2,chrIV,1381715,T,C,Mn
279,MnBM42,SUC2,chrIX,38717,G,A,Mn
280,MnBM42,TAO3,chrIX,110175,T,C,Mn
281,MnBM42,KGD1,chrIX,124369,T,G,Mn
282,MnBM42,RPI1,chrIX,137759,T,C,Mn
283,MnBM42,PRI1,chrIX,374079,G,A,Mn
284,MnBM42,DAL2,chrIX,411668,T,A,Mn
285,MnBM42,FMP52,chrV,159636,C,T,Mn
286,MnBM42,CAJ1,chrV,247483,C,T,Mn
287,MnBM42,DOT6,chrV,334086,G,T,Mn
288,MnBM42,COG3,chrV,485939,G,T,Mn
289,MnBM42,BRR 2.00,chrV,533465,A,T,Mn
290,MnBM42,PDA1,chrV,546977,A,G,Mn
291,MnBM42,FAU1,chrV,553782,A,C,Mn
292,MnBM42,RPL2A,chrVI,221115,C,T,Mn
293,MnBM42,TOS3,chrVII,163625,C,T,Mn
294,MnBM42,HUL5,chrVII,239990,G,T,Mn
295,MnBM42,ITC1,chrVII,259225,A,T,Mn
296,MnBM42,SNT2,chrVII,264038,G,T,Mn
297,MnBM42,CUE3,chrVII,302721,T,A,Mn
298,MnBM42,SPC105,chrVII,336233,C,T,Mn
299,MnBM42,CWH41,chrVII,444280,C,G,Mn
300,MnBM42,STT3,chrVII,454170,G,T,Mn
301,MnBM42,GSC2,chrVII,550683,G,T,Mn
302,MnBM42,ACB1,chrVII,559830,C,T,Mn
303,MnBM42,SKN1,chrVII,775395,G,T,Mn
304,MnBM42,CWC22,chrVII,1047684,G,A,Mn
305,MnBM42,YOR1,chrVII,1053072,G,T,Mn
306,MnBM42,IMA1,chrVII,1068655,A,G,Mn
307,MnBM42,OPI1,chrVIII,66824,G,A,Mn
308,MnBM42,YCK1,chrVIII,373427,C,CT,Mn
309,MnBM42,YJL211C,chrX,37037,C,T,Mn
310,MnBM42,NUC1,chrX,40977,A,T,Mn
311,MnBM42,URA2,chrX,170952,A,G,Mn
312,MnBM42,YHC3,chrX,325172,G,T,Mn
313,MnBM42,TIM54,chrX,334668,A,C,Mn
314,MnBM42,IRC8,chrX,340621,G,T,Mn
315,MnBM42,MTR4,chrX,342637,A,G,Mn
316,MnBM42,MHP1,chrX,362671,G,T,Mn
317,MnBM42,RAD26,chrX,498452,G,T,Mn
318,MnBM42,TAH11,chrX,522532,C,T,Mn
319,MnBM42,ZRT3,chrXI,118899,G,A,Mn
320,MnBM42,UIP5,chrXI,522478,C,T,Mn
321,MnBM42,VPS13,chrXII,54731,C,T,Mn
322,MnBM42,VPS13,chrXII,56151,C,A,Mn
323,MnBM42,IES3,chrXII,247694,T,A,Mn
324,MnBM42,RPL22A,chrXII,263199,C,T,Mn
325,MnBM42,HRT3,chrXII,337183,C,A,Mn
326,MnBM42,ECM22,chrXII,600763,G,A,Mn
327,MnBM42,IRC20,chrXII,633065,G,A,Mn
328,MnBM42,MCM5,chrXII,693876,T,C,Mn
329,MnBM42,REC102,chrXII,787194,T,G,Mn
330,MnBM42,VID22,chrXII,871029,G,A,Mn
331,MnBM42,UTP21,chrXII,936628,T,C,Mn
332,MnBM42,ZDS2,chrXIII,53046,C,T,Mn
333,MnBM42,WAR1,chrXIII,112816,C,T,Mn
334,MnBM42,WAR1,chrXIII,114669,G,T,Mn
335,MnBM42,USA1,chrXIII,217976,G,T,Mn
336,MnBM42,VBA1,chrXIII,443426,A,G,Mn
337,MnBM42,RRB1,chrXIII,533259,C,T,Mn
338,MnBM42,PET111,chrXIII,779986,C,T,Mn
339,MnBM42,PRC1,chrXIII,862525,A,T,Mn
340,MnBM42,IPI3,chrXIV,297316,G,A,Mn
341,MnBM42,BDS1,chrXV,7199,C,T,Mn
342,MnBM42,GAS4,chrXV,72169,A,G,Mn
343,MnBM42,MDH2,chrXV,82001,C,T,Mn
344,MnBM42,CPA1,chrXV,882919,A,G,Mn
345,MnBM42,RAD17,chrXV,1027373,G,T,Mn
346,MnBM42,FAS2,chrXVI,110829,T,C,Mn
347,MnBM42,PPQ1,chrXVI,208977,T,C,Mn
348,MnBM42,NIP100,chrXVI,222669,T,G,Mn
349,MnBM42,MEX67,chrXVI,229047,G,A,Mn
350,MnBM42,MLH3,chrXVI,241077,T,C,Mn
351,MnBM42,RNY1,chrXVI,317909,T,C,Mn
352,MnBM42,SSE1,chrXVI,351134,G,A,Mn
353,MnBM42,MOT1,chrXVI,399531,G,A,Mn
354,MnBM42,MNN9,chrXVI,461357,C,A,Mn
355,MnBM42,VTC3,chrXVI,515669,AG,A,Mn
356,MnBM42,RPA135,chrXVI,580614,T,C,Mn
357,MnBM42,ATG11,chrXVI,662014,C,A,Mn
358,MnBM42,SEC8,chrXVI,670433,G,A,Mn
359,MnBM42,MRL1,chrXVI,699233,G,A,Mn
360,MnBM42,GPH1,chrXVI,862883,C,A,Mn
361,NiBM6,PFK26,chrIX,165562,C,A,NA
362,NiBM11,BSD 2.00,chrII,783400,G,T,Ni
363,NiBM12,IST2,chrII,421076,C,A,Ni
364,NiBM12,YLR198C,chrXII,548748,G,A,Ni
365,NiBM14,APL5,chrXVI,178825,A,G,Ni
366,NiBM17,UGA4,chrIV,85469,G,T,Ni
367,NiBM21,YEF1,chrV,76333,G,A,Ni
368,NiBM21,NAM8,chrVIII,278622,T,C,Ni
369,NiBM24,RKM3,chrII,299270,G,C,Ni
370,NiBM24,BSD 2.00,chrII,783212,C,T,Ni
371,NiBM25,LOS1,chrXI,53317,A,G,Ni
372,NiBM27,SNF7,chrXII,195133,GA,G,Ni
373,NiBM28,PHO81,chrVII,957826,T,A,Ni
374,NiBM28,TCO89,chrXVI,205993,AG,A,Ni
375,NiBM30,FCY2,chrV,266649,G,A,Ni
376,NiBM30,RCK2,chrXII,634675,G,A,Ni
377,NiBM4,UBX7,chrII,749280,C,A,Ni
378,NiBM4,SMC2,chrVI,217643,G,T,Ni
379,NiBM4,PRP8,chrVIII,436626,G,A,Ni
380,NiBM4,PHO84,chrXIII,24560,T,TC,Ni
381,NiBM6,IDP1,chrIV,334907,C,A,Ni
382,NiBM6,PRP8,chrVIII,432396,G,A,Ni
383,NiBM9,PHO84,chrXIII,25469,GT,G,Ni
384,ZnBM11,BSD 2.00,chrII,783400,G,T,Zn
385,ZnBM11,PHO84,chrXIII,25111,G,T,Zn
386,ZnBM12,ACC1,chrXIV,660428,C,A,Zn
387,ZnBM15,ACC1,chrXIV,660428,C,A,Zn
388,ZnBM16,STE5,chrIV,660940,C,T,Zn
389,ZnBM16,ECM14,chrVIII,369079,C,G,Zn
390,ZnBM16,SWT1,chrXV,648177,A,G,Zn
391,ZnBM17,PMA1,chrVII,482300,G,T,Zn
392,ZnBM17,RRP46,chrVII,675732,T,A,Zn
393,ZnBM19,DOA4,chrIV,587104,G,A,Zn
394,ZnBM22,BUD19,chrX,76405,G,A,Zn
395,ZnBM23,ADE6,chrVII,613265,C,G,Zn
396,ZnBM23,PBS2,chrX,178468,C,G,Zn
397,ZnBM28,YLR372W,chrXII,868274,C,A,Zn
398,ZnBM29,PMA1,chrVII,480586,T,G,Zn
399,ZnBM31,HIS4,chrIII,66139,G,A,Zn
400,ZnBM37,PMA1,chrVII,479933,T,C,Zn
401,ZnBM38,PHO84,chrXIII,25178,C,T,Zn
402,ZnBM38,HHF2,chrXIV,577027,TTCGGTGGTTAAACAA,T,Zn
403,ZnBM39,PBS2,chrX,178937,C,A,Zn
404,ZnBM41,SNT2,chrVII,263930,C,G,Zn
405,ZnBM41,PMA1,chrVII,482054,C,T,Zn
406,ZnBM42,PHO84,chrXIII,25233,CA,C,Zn
407,ZnBM43,RPS2,chrVII,278292,A,G,Zn
408,ZnBM43,PTK2,chrX,546698,AG,A,Zn
409,ZnBM43,PTK2,chrX,546700,A,T,Zn
410,ZnBM44,HSP104,chrXII,90370,A,T,Zn
411,ZnBM44,PHO23,chrXIV,441972,T,A,Zn
412,ZnBM45,SAK1,chrV,418015,T,C,Zn
413,ZnBM45,PMA1,chrVII,480320,C,G,Zn
414,ZnBM45,RIM21,chrXIV,79837,TCAACGAGGCTAA,T,Zn
415,ZnBM46,SAK1,chrV,418015,T,C,Zn
416,ZnBM46,PMA1,chrVII,480320,C,G,Zn
417,ZnBM47,PTK2,chrX,546347,C,G,Zn