CHROM1	POS	evo_line	verified
ref|NC_001133|	37834	MnBM14	Y
ref|NC_001133|	38041	MnBM14	Y
ref|NC_001133|	40593	CoBM17	Y
ref|NC_001133|	48206	MnBM14	Y
ref|NC_001133|	48640	MnBM14	Y
ref|NC_001133|	66785	CoBM3	Y
ref|NC_001133|	112637	MnBM42	Y
ref|NC_001133|	113278	MnBM42	Y
ref|NC_001134|	17571	CoBM14	Y
ref|NC_001134|	112395	CoBM6	Y
ref|NC_001134|	243326	CuBM15	Y
ref|NC_001134|	299270	CoBM4	Y
ref|NC_001134|	299270	NiBM24	Y
ref|NC_001134|	421076	NiBM12	Y
ref|NC_001134|	442065	CuBM9	Y
ref|NC_001134|	467332	CoBM17	Y
ref|NC_001134|	484228	MnBM42	Y
ref|NC_001134|	537159	CdBM29	Y
ref|NC_001134|	579318	MnBM13	Y
ref|NC_001134|	634214	CdBM23	Y
ref|NC_001134|	634214	CdBM43	Y
ref|NC_001134|	682726	MnBM42	Y
ref|NC_001134|	683908	CdBM29	Y
ref|NC_001134|	749280	NiBM4	Y
ref|NC_001134|	783212	NiBM24	Y
ref|NC_001134|	783400	NiBM11	Y
ref|NC_001134|	783400	ZnBM11	Y
ref|NC_001135|	66139	ZnBM31	Y
ref|NC_001135|	76154	MnBM31	Y
ref|NC_001135|	76159	MnBM31	Y
ref|NC_001135|	193474	CoBM6	Y
ref|NC_001135|	223643	MnBM42	Y
ref|NC_001135|	265691	CuBM18	Y
ref|NC_001135|	270029	MnBM14	Y
ref|NC_001135|	275091	CdBM30	Y
ref|NC_001135|	288718	CoBM21	Y
ref|NC_001136|	23136	MnBM17	Y
ref|NC_001136|	46589	CdBM32	Y
ref|NC_001136|	58214	MnBM29	Y
ref|NC_001136|	85469	NiBM17	Y
ref|NC_001136|	157116	MnBM42	Y
ref|NC_001136|	178021	MnBM14	Y
ref|NC_001136|	233157	MnBM28	Y
ref|NC_001136|	233168	MnBM12	Y
ref|NC_001136|	233168	MnBM29	Y
ref|NC_001136|	233180	MnBM14	Y
ref|NC_001136|	249010	CdBM23	Y
ref|NC_001136|	269200	MnBM32	Y
ref|NC_001136|	269955	MnBM14	Y
ref|NC_001136|	273879	MnBM14	Y
ref|NC_001136|	277623	CdBM42	Y
ref|NC_001136|	305733	MnBM16	Y
ref|NC_001136|	334907	NiBM6	Y
ref|NC_001136|	417674	MnBM42	Y
ref|NC_001136|	522083	MnBM23	Y
ref|NC_001136|	587104	ZnBM19	Y
ref|NC_001136|	660940	ZnBM16	Y
ref|NC_001136|	694840	CdBM29	Y
ref|NC_001136|	726227	MnBM42	Y
ref|NC_001136|	817301	CdBM32	Y
ref|NC_001136|	864180	CoBM8	Y
ref|NC_001136|	867413	CoBM17	Y
ref|NC_001136|	896208	MnBM23	Y
ref|NC_001136|	974680	CdBM32	Y
ref|NC_001136|	1005804	CoBM3	Y
ref|NC_001136|	1083280	MnBM14	Y
ref|NC_001136|	1086043	CoBM7	Y
ref|NC_001136|	1089472	MnBM14	Y
ref|NC_001136|	1178933	MnBM32	Y
ref|NC_001136|	1221843	MnBM13	Y
ref|NC_001136|	1237754	MnBM42	Y
ref|NC_001136|	1329113	MnBM23	Y
ref|NC_001136|	1371088	MnBM42	Y
ref|NC_001136|	1375220	CoBM15	Y
ref|NC_001136|	1381715	MnBM42	Y
ref|NC_001136|	1523306	MnBM14	Y
ref|NC_001137|	22913	MnBM32	Y
ref|NC_001137|	76333	NiBM21	Y
ref|NC_001137|	159636	MnBM42	Y
ref|NC_001137|	164204	CoBM12	Y
ref|NC_001137|	247483	MnBM42	Y
ref|NC_001137|	266649	NiBM30	Y
ref|NC_001137|	270774	CdBM26	Y
ref|NC_001137|	302912	CoBM8	Y
ref|NC_001137|	303000	CoBM5	Y
ref|NC_001137|	304100	MnBM18	Y
ref|NC_001137|	334086	MnBM42	Y
ref|NC_001137|	418015	ZnBM45	Y
ref|NC_001137|	418015	ZnBM46	Y
ref|NC_001137|	459312	MnBM13	Y
ref|NC_001137|	485939	MnBM42	Y
ref|NC_001137|	500260	CoBM20	Y
ref|NC_001137|	513891	CuBM6	Y
ref|NC_001137|	516594	CdBM30	Y
ref|NC_001137|	533465	MnBM42	Y
ref|NC_001137|	546977	MnBM42	Y
ref|NC_001137|	553782	MnBM42	Y
ref|NC_001138|	58389	MnBM39	Y
ref|NC_001138|	96312	MnBM32	Y
ref|NC_001138|	127204	CuBM7	Y
ref|NC_001138|	216146	MnBM16	Y
ref|NC_001138|	217643	NiBM4	Y
ref|NC_001138|	221115	MnBM42	Y
ref|NC_001138|	245165	CdBM44	Y
ref|NC_001139|	21582	MnBM14	Y
ref|NC_001139|	22857	MnBM29	Y
ref|NC_001139|	65388	CdBM37	Y
ref|NC_001139|	80104	MnBM38	Y
ref|NC_001139|	105696	CoBM14	Y
ref|NC_001139|	163625	MnBM42	Y
ref|NC_001139|	232669	CuBM18	Y
ref|NC_001139|	239990	MnBM42	Y
ref|NC_001139|	240693	CdBM45	Y
ref|NC_001139|	240693	CdBM46	Y
ref|NC_001139|	240693	CdBM47	Y
ref|NC_001139|	240739	CdBM30	Y
ref|NC_001139|	259225	MnBM42	Y
ref|NC_001139|	263930	ZnBM41	Y
ref|NC_001139|	264038	MnBM42	Y
ref|NC_001139|	278292	ZnBM43	Y
ref|NC_001139|	279126	CoBM20	Y
ref|NC_001139|	302721	MnBM42	Y
ref|NC_001139|	336233	MnBM42	Y
ref|NC_001139|	372520	CoBM17	Y
ref|NC_001139|	444280	MnBM42	Y
ref|NC_001139|	454170	MnBM42	Y
ref|NC_001139|	470618	MnBM39	Y
ref|NC_001139|	479933	ZnBM37	Y
ref|NC_001139|	480320	ZnBM45	Y
ref|NC_001139|	480320	ZnBM46	Y
ref|NC_001139|	480586	ZnBM29	Y
ref|NC_001139|	481133	CoBM21	Y
ref|NC_001139|	482054	ZnBM41	Y
ref|NC_001139|	482195	CoBM7	Y
ref|NC_001139|	482217	CuBM3	Y
ref|NC_001139|	482300	ZnBM17	Y
ref|NC_001139|	550683	MnBM42	Y
ref|NC_001139|	559830	MnBM42	Y
ref|NC_001139|	602841	CuBM4	Y
ref|NC_001139|	613265	ZnBM23	Y
ref|NC_001139|	644958	CoBM17	Y
ref|NC_001139|	675732	MnBM39	Y
ref|NC_001139|	675732	ZnBM17	Y
ref|NC_001139|	748798	MnBM14	Y
ref|NC_001139|	749839	MnBM14	Y
ref|NC_001139|	750554	MnBM14	Y
ref|NC_001139|	775395	MnBM42	Y
ref|NC_001139|	806709	CoBM8	Y
ref|NC_001139|	848366	CoBM4	Y
ref|NC_001139|	869872	CuBM11	Y
ref|NC_001139|	869872	CuBM14	Y
ref|NC_001139|	869872	CuBM17	Y
ref|NC_001139|	869872	CuBM18	Y
ref|NC_001139|	869872	CuBM7	Y
ref|NC_001139|	869872	CuBM9	Y
ref|NC_001139|	885051	CoBM1	Y
ref|NC_001139|	957826	NiBM28	Y
ref|NC_001139|	1047684	MnBM42	Y
ref|NC_001139|	1053072	MnBM42	Y
ref|NC_001139|	1053612	CdBM32	Y
ref|NC_001139|	1055438	MnBM14	Y
ref|NC_001139|	1068655	MnBM42	Y
ref|NC_001140|	47582	CoBM14	Y
ref|NC_001140|	63926	CdBM29	Y
ref|NC_001140|	66824	MnBM42	Y
ref|NC_001140|	158818	CoBM16	Y
ref|NC_001140|	211267	MnBM14	Y
ref|NC_001140|	219699	CoBM20	Y
ref|NC_001140|	226595	MnBM14	Y
ref|NC_001140|	237545	MnBM14	Y
ref|NC_001140|	240532	MnBM14	Y
ref|NC_001140|	268511	CoBM12	Y
ref|NC_001140|	271417	CuBM9	Y
ref|NC_001140|	278622	NiBM21	Y
ref|NC_001140|	369079	ZnBM16	Y
ref|NC_001140|	373427	MnBM42	Y
ref|NC_001140|	378250	CdBM48	Y
ref|NC_001140|	407313	MnBM14	Y
ref|NC_001140|	407513	MnBM14	Y
ref|NC_001140|	432396	NiBM6	Y
ref|NC_001140|	436626	NiBM4	Y
ref|NC_001140|	484871	MnBM17	Y
ref|NC_001141|	38717	MnBM42	Y
ref|NC_001141|	110175	MnBM42	Y
ref|NC_001141|	124369	MnBM42	Y
ref|NC_001141|	137759	MnBM42	Y
ref|NC_001141|	165562	NiBM6	Y
ref|NC_001141|	181615	MnBM13	Y
ref|NC_001141|	181770	CoBM3	Y
ref|NC_001141|	243630	CdBM23	Y
ref|NC_001141|	243630	CdBM43	Y
ref|NC_001141|	266383	CoBM18	Y
ref|NC_001141|	269753	CdBM26	Y
ref|NC_001141|	275280	CoBM6	Y
ref|NC_001141|	374079	MnBM42	Y
ref|NC_001141|	411668	MnBM42	Y
ref|NC_001142|	37037	MnBM42	Y
ref|NC_001142|	40977	MnBM42	Y
ref|NC_001142|	76405	ZnBM22	Y
ref|NC_001142|	103711	CoBM18	Y
ref|NC_001142|	145859	MnBM34	Y
ref|NC_001142|	170952	MnBM42	Y
ref|NC_001142|	178468	ZnBM23	Y
ref|NC_001142|	178937	ZnBM39	Y
ref|NC_001142|	270084	CoBM16	Y
ref|NC_001142|	277922	CoBM16	Y
ref|NC_001142|	325172	MnBM42	Y
ref|NC_001142|	334668	MnBM42	Y
ref|NC_001142|	340621	MnBM42	Y
ref|NC_001142|	342637	MnBM42	Y
ref|NC_001142|	362671	MnBM42	Y
ref|NC_001142|	411818	CoBM3	Y
ref|NC_001142|	411821	CoBM3	Y
ref|NC_001142|	412379	CoBM2	Y
ref|NC_001142|	413090	CoBM6	Y
ref|NC_001142|	498452	MnBM42	Y
ref|NC_001142|	522532	MnBM42	Y
ref|NC_001142|	546347	ZnBM47	Y
ref|NC_001142|	546698	ZnBM43	Y
ref|NC_001142|	546700	ZnBM43	Y
ref|NC_001142|	547433	CoBM8	Y
ref|NC_001142|	547441	CoBM8	Y
ref|NC_001142|	588774	MnBM18	Y
ref|NC_001142|	591908	CoBM14	Y
ref|NC_001143|	46762	MnBM23	Y
ref|NC_001143|	53317	NiBM24	Y
ref|NC_001143|	118899	MnBM42	Y
ref|NC_001143|	206869	MnBM14	Y
ref|NC_001143|	249736	CoBM2	Y
ref|NC_001143|	277675	CoBM14	Y
ref|NC_001143|	354438	MnBM24	Y
ref|NC_001143|	415085	CoBM6	Y
ref|NC_001143|	519756	MnBM34	Y
ref|NC_001143|	522478	MnBM42	Y
ref|NC_001143|	529178	CoBM3	Y
ref|NC_001143|	655246	CoBM6	Y
ref|NC_001144|	30835	CoBM5	Y
ref|NC_001144|	37938	MnBM38	Y
ref|NC_001144|	54731	MnBM42	Y
ref|NC_001144|	56151	MnBM42	Y
ref|NC_001144|	90370	ZnBM44	Y
ref|NC_001144|	191296	CdBM37	Y
ref|NC_001144|	195133	NiBM27	Y
ref|NC_001144|	247694	MnBM42	Y
ref|NC_001144|	263199	MnBM42	Y
ref|NC_001144|	337183	MnBM42	Y
ref|NC_001144|	341936	MnBM12	Y
ref|NC_001144|	366244	MnBM32	Y
ref|NC_001144|	369713	MnBM31	Y
ref|NC_001144|	397423	CoBM2	Y
ref|NC_001144|	432455	MnBM32	Y
ref|NC_001144|	548748	NiBM12	Y
ref|NC_001144|	600763	MnBM42	Y
ref|NC_001144|	633065	MnBM42	Y
ref|NC_001144|	634675	NiBM30	Y
ref|NC_001144|	668352	CoBM12	Y
ref|NC_001144|	672772	CoBM3	Y
ref|NC_001144|	693876	MnBM42	Y
ref|NC_001144|	724909	CoBM5	Y
ref|NC_001144|	752946	MnBM21	Y
ref|NC_001144|	753045	MnBM25	Y
ref|NC_001144|	753381	MnBM18	Y
ref|NC_001144|	755637	MnBM23	Y
ref|NC_001144|	755641	MnBM23	Y
ref|NC_001144|	755784	MnBM24	Y
ref|NC_001144|	755785	MnBM24	Y
ref|NC_001144|	755790	MnBM24	Y
ref|NC_001144|	755841	MnBM27	Y
ref|NC_001144|	755855	MnBM20	Y
ref|NC_001144|	755857	MnBM20	Y
ref|NC_001144|	755928	MnBM15	Y
ref|NC_001144|	756549	MnBM32	Y
ref|NC_001144|	787194	MnBM42	Y
ref|NC_001144|	804694	MnBM32	Y
ref|NC_001144|	807779	CdBM30	Y
ref|NC_001144|	858040	MnBM14	Y
ref|NC_001144|	860006	CoBM15	Y
ref|NC_001144|	868274	ZnBM28	Y
ref|NC_001144|	871029	MnBM42	Y
ref|NC_001144|	871981	CoBM21	Y
ref|NC_001144|	926537	CdBM29	Y
ref|NC_001144|	927434	CdBM30	Y
ref|NC_001144|	927464	CoBM7	Y
ref|NC_001144|	927603	CdBM25	Y
ref|NC_001144|	930419	CoBM6	Y
ref|NC_001144|	936628	MnBM42	Y
ref|NC_001144|	984340	MnBM32	Y
ref|NC_001145|	24560	NiBM4	Y
ref|NC_001145|	25111	NiBM11	Y
ref|NC_001145|	25111	ZnBM11	Y
ref|NC_001145|	25178	CoBM1	Y
ref|NC_001145|	25178	ZnBM38	Y
ref|NC_001145|	25233	ZnBM42	Y
ref|NC_001145|	25469	NiBM9	Y
ref|NC_001145|	42805	CoBM1	Y
ref|NC_001145|	48465	CoBM7	Y
ref|NC_001145|	53046	MnBM42	Y
ref|NC_001145|	112816	MnBM42	Y
ref|NC_001145|	114669	MnBM42	Y
ref|NC_001145|	176494	CuBM4	Y
ref|NC_001145|	176494	CuBM10	Y
ref|NC_001145|	176494	CuBM12	Y
ref|NC_001145|	176494	CuBM13	Y
ref|NC_001145|	217976	MnBM42	Y
ref|NC_001145|	236652	CdBM37	Y
ref|NC_001145|	278590	CoBM5	Y
ref|NC_001145|	308479	CoBM20	Y
ref|NC_001145|	356311	CoBM15	Y
ref|NC_001145|	367082	CdBM30	Y
ref|NC_001145|	369659	CdBM30	Y
ref|NC_001145|	414724	MnBM32	Y
ref|NC_001145|	443426	MnBM42	Y
ref|NC_001145|	484091	MnBM32	Y
ref|NC_001145|	533259	MnBM42	Y
ref|NC_001145|	547166	CoBM5	Y
ref|NC_001145|	585173	CdBM44	Y
ref|NC_001145|	609388	CdBM42	Y
ref|NC_001145|	692578	CdBM32	Y
ref|NC_001145|	732526	CdBM32	Y
ref|NC_001145|	779986	MnBM42	Y
ref|NC_001145|	792034	CoBM15	Y
ref|NC_001145|	814661	CoBM2	Y
ref|NC_001145|	817667	CuBM14	Y
ref|NC_001145|	862525	MnBM42	Y
ref|NC_001145|	882649	CdBM25	Y
ref|NC_001145|	912911	CdBM32	Y
ref|NC_001145|	914235	CdBM42	Y
ref|NC_001146|	29337	CuBM14	Y
ref|NC_001146|	57472	CoBM18	Y
ref|NC_001146|	79837	ZnBM45	Y
ref|NC_001146|	132973	CoBM2	Y
ref|NC_001146|	180823	MnBM17	Y
ref|NC_001146|	195289	CuBM6	Y
ref|NC_001146|	199110	MnBM14	Y
ref|NC_001146|	214433	MnBM39	Y
ref|NC_001146|	297316	MnBM42	Y
ref|NC_001146|	374578	MnBM14	Y
ref|NC_001146|	407160	CdBM47	Y
ref|NC_001146|	441972	ZnBM44	Y
ref|NC_001146|	461419	MnBM14	Y
ref|NC_001146|	469502	MnBM14	Y
ref|NC_001146|	476401	MnBM14	Y
ref|NC_001146|	487720	MnBM14	Y
ref|NC_001146|	558815	CoBM14	Y
ref|NC_001146|	574713	CoBM2	Y
ref|NC_001146|	574928	CoBM20	Y
ref|NC_001146|	574936	CoBM20	Y
ref|NC_001146|	575008	CoBM17	Y
ref|NC_001146|	575167	CoBM16	Y
ref|NC_001146|	575229	CoBM18	Y
ref|NC_001146|	577027	CoBM1	Y
ref|NC_001146|	577027	ZnBM38	Y
ref|NC_001146|	644572	CuBM18	Y
ref|NC_001146|	660428	ZnBM12	Y
ref|NC_001146|	660428	ZnBM15	Y
ref|NC_001146|	681959	MnBM12	Y
ref|NC_001146|	757064	MnBM12	Y
ref|NC_001147|	7199	MnBM42	Y
ref|NC_001147|	72169	MnBM42	Y
ref|NC_001147|	82001	MnBM42	Y
ref|NC_001147|	91346	CdBM42	Y
ref|NC_001147|	162510	CdBM29	Y
ref|NC_001147|	214417	MnBM13	Y
ref|NC_001147|	214417	MnBM31	Y
ref|NC_001147|	214928	MnBM16	Y
ref|NC_001147|	215066	MnBM17	Y
ref|NC_001147|	215342	CoBM12	Y
ref|NC_001147|	215920	CoBM18	Y
ref|NC_001147|	253378	CoBM18	Y
ref|NC_001147|	315291	MnBM14	Y
ref|NC_001147|	327032	CoBM7	Y
ref|NC_001147|	361851	MnBM16	Y
ref|NC_001147|	400693	MnBM31	Y
ref|NC_001147|	403773	MnBM31	Y
ref|NC_001147|	478283	CoBM20	Y
ref|NC_001147|	546205	CdBM32	Y
ref|NC_001147|	648177	ZnBM16	Y
ref|NC_001147|	695079	MnBM16	Y
ref|NC_001147|	756662	CoBM6	Y
ref|NC_001147|	785519	CdBM30	Y
ref|NC_001147|	831557	CoBM15	Y
ref|NC_001147|	882919	MnBM42	Y
ref|NC_001147|	929249	CdBM26	Y
ref|NC_001147|	932506	MnBM12	Y
ref|NC_001147|	934229	MnBM25	Y
ref|NC_001147|	952618	MnBM38	Y
ref|NC_001147|	985697	CuBM14	Y
ref|NC_001147|	1001702	MnBM27	Y
ref|NC_001147|	1027373	MnBM42	Y
ref|NC_001147|	1033961	MnBM38	Y
ref|NC_001147|	1068424	MnBM34	Y
ref|NC_001148|	30675	CoBM12	Y
ref|NC_001148|	110829	MnBM42	Y
ref|NC_001148|	178825	NiBM14	Y
ref|NC_001148|	205993	NiBM28	Y
ref|NC_001148|	208936	CdBM39	Y
ref|NC_001148|	208977	MnBM42	Y
ref|NC_001148|	222669	MnBM42	Y
ref|NC_001148|	229047	MnBM42	Y
ref|NC_001148|	241077	MnBM42	Y
ref|NC_001148|	297897	MnBM32	Y
ref|NC_001148|	317909	MnBM42	Y
ref|NC_001148|	351134	MnBM42	Y
ref|NC_001148|	399531	MnBM42	Y
ref|NC_001148|	461357	MnBM42	Y
ref|NC_001148|	515669	MnBM42	Y
ref|NC_001148|	580614	MnBM42	Y
ref|NC_001148|	662014	MnBM42	Y
ref|NC_001148|	670433	MnBM42	Y
ref|NC_001148|	699233	MnBM42	Y
ref|NC_001148|	747862	CdBM30	Y
ref|NC_001148|	815942	CoBM21	Y
ref|NC_001148|	822877	CoBM18	Y
ref|NC_001148|	862883	MnBM42	Y
ref|NC_001148|	875682	CoBM16	Y
ref|NC_001224|	14419	MnBM15	Y
ref|NC_001224|	25342	MnBM21	Y
ref|NC_001224|	26112	MnBM21	Y