INFO	variant	effect	GENE	gene_code	snp	aa_change
AC=1;AF=0.009091;AN=110;DP=1296;FS=0;MLEAC=1;MLEAF=0.009091;MQ=60;QD=27.81;SOR=0.693;ANN=T	missense_variant	MODERATE	CNE1	YAL058W	c.371C>T	p.Thr124Met
AC=1;AF=0.009091;AN=110;DP=1308;FS=0;MLEAC=1;MLEAF=0.009091;MQ=60;QD=34.61;SOR=0.941;ANN=T	missense_variant	MODERATE	CNE1	YAL058W	c.578C>T	p.Ser193Leu
AC=1;AF=0.009091;AN=110;DP=1302;FS=0;MLEAC=1;MLEAF=0.009091;MQ=60;QD=34.23;SOR=1.329;ANN=C	missense_variant	MODERATE	GPB2	YAL056W	c.1335A>C	p.Leu445Phe
AC=1;AF=0.009091;AN=110;DP=1007;FS=0;MLEAC=1;MLEAF=0.009091;MQ=60;QD=31.19;SOR=1.609;ANN=G	missense_variant	MODERATE	FLC2	YAL053W	c.2308A>G	p.Asn770Asp
AC=1;AF=0.009091;AN=110;DP=1004;FS=0;MLEAC=1;MLEAF=0.009091;MQ=60;QD=33.68;SOR=1.863;ANN=T	missense_variant	MODERATE	OAF1	YAL051W	c.77C>T	p.Ala26Val
AC=1;AF=0.009091;AN=110;DP=1007;FS=0;MLEAC=1;MLEAF=0.009091;MQ=60;QD=34.93;SOR=0.941;ANN=C	missense_variant	MODERATE	CLN3	YAL040C	c.736T>G	p.Leu246Val
AC=1;AF=0.009091;AN=110;DP=745;FS=0;MLEAC=1;MLEAF=0.009091;MQ=60;QD=33.83;SOR=0.693;ANN=C	missense_variant	MODERATE	CCR4	YAL021C	c.723C>G	p.Asp241Glu
AC=1;AF=0.009091;AN=110;DP=753;FS=0;MLEAC=1;MLEAF=0.009091;MQ=60;QD=27.94;SOR=0.922;ANN=A	synonymous_variant	LOW	CCR4	YAL021C	c.82C>T	p.Leu28Leu
AC=1;AF=0.009091;AN=110;BaseQRankSum=0.319;DP=1233;FS=0;MLEAC=1;MLEAF=0.009091;MQ=60;MQRankSum=0;QD=7.79;ReadPosRankSum=-0.272;SOR=1.329;ANN=T	synonymous_variant	LOW	PKC1	YBL105C	c.126G>A	p.Thr42Thr
AC=1;AF=0.009091;AN=110;DP=915;FS=0;MLEAC=1;MLEAF=0.009091;MQ=60;QD=30.75;SOR=0.749;ANN=T	missense_variant	MODERATE	SHP 1.00	YBL058W	c.959A>T	p.Glu320Val
AC=1;AF=0.009091;AN=110;DP=429;FS=0;MLEAC=1;MLEAF=0.009091;MQ=60;QD=34.67;SOR=1.329;ANN=A	missense_variant	MODERATE	COQ1	YBR003W	c.518C>A	p.Pro173His
AC=2;AF=0.018;AN=110;DP=1991;FS=0;MLEAC=2;MLEAF=0.018;MQ=60;QD=30.65;SOR=0.762;ANN=C	missense_variant	MODERATE	RKM3	YBR030W	c.979G>C	p.Gly327Arg
AC=2;AF=0.018;AN=110;DP=1991;FS=0;MLEAC=2;MLEAF=0.018;MQ=60;QD=30.65;SOR=0.762;ANN=C	missense_variant	MODERATE	RKM3	YBR030W	c.979G>C	p.Gly327Arg
AC=1;AF=0.009091;AN=110;DP=870;FS=0;MLEAC=1;MLEAF=0.009091;MQ=60;QD=32.68;SOR=2.066;ANN=A	missense_variant	MODERATE	IST2	YBR086C	c.1966G>T	p.Ala656Ser
AC=1;AF=0.009091;AN=110;DP=577;FS=0;MLEAC=1;MLEAF=0.009091;MQ=60;QD=25.27;SOR=0.804;ANN=C	missense_variant	MODERATE	MMS4	YBR098W	c.551G>C	p.Ser184Thr
AC=1;AF=0.009091;AN=110;DP=429;FS=0;MLEAC=1;MLEAF=0.009091;MQ=60;QD=31.24;SOR=0.914;ANN=T	missense_variant	MODERATE	RAD16	YBR114W	c.85A>T	p.Thr29Ser
AC=1;AF=0.009091;AN=110;DP=485;FS=0;MLEAC=1;MLEAF=0.009091;MQ=60;QD=27.65;SOR=1.136;ANN=G	synonymous_variant	LOW	MRPL36	YBR122C	c.276T>C	p.Ala92Ala
AC=1;AF=0.009091;AN=110;DP=1018;FS=0;MLEAC=1;MLEAF=0.009091;MQ=60;QD=28.77;SOR=0.693;ANN=T	frameshift_variant	HIGH	RTC2	YBR147W	c.594delA	p.Lys198fs
AC=1;AF=0.009091;AN=110;DP=793;FS=0;MLEAC=1;MLEAF=0.009091;MQ=60;QD=34.3;SOR=0.784;ANN=A	synonymous_variant	LOW	SMY2	YBR172C	c.2055C>T	p.Asp685Asp
AC=2;AF=0.018;AN=110;DP=2040;FS=0;MLEAC=2;MLEAF=0.018;MQ=60;QD=32.4;SOR=0.811;ANN=A	stop_gained	HIGH	KTR3	YBR205W	c.593G>A	p.Trp198*
AC=2;AF=0.018;AN=110;DP=2040;FS=0;MLEAC=2;MLEAF=0.018;MQ=60;QD=32.4;SOR=0.811;ANN=A	stop_gained	HIGH	KTR3	YBR205W	c.593G>A	p.Trp198*
AC=1;AF=0.009091;AN=110;DP=1787;FS=0;MLEAC=1;MLEAF=0.009091;MQ=60;QD=31.21;SOR=0.77;ANN=T	missense_variant	MODERATE	SWC5	YBR231C	c.365G>A	p.Arg122His
AC=1;AF=0.009091;AN=110;DP=1656;FS=0;MLEAC=1;MLEAF=0.009091;MQ=60;QD=33.87;SOR=0.99;ANN=A	missense_variant	MODERATE	PBP2	YBR233W	c.481G>A	p.Gly161Arg
AC=1;AF=0.009091;AN=110;DP=1336;FS=0;MLEAC=1;MLEAF=0.009091;MQ=60;QD=29.33;SOR=0.941;ANN=A	missense_variant	MODERATE	UBX7	YBR273C	c.92G>T	p.Arg31Leu
AC=1;AF=0.009091;AN=110;DP=729;FS=0;MLEAC=1;MLEAF=0.009091;MQ=60;QD=30.05;SOR=1.085;ANN=T	stop_gained	HIGH	BSD 2.00	YBR290W	c.622C>T	p.Gln208*
AC=2;AF=0.018;AN=110;DP=747;FS=0;MLEAC=2;MLEAF=0.018;MQ=60;QD=34.36;SOR=1.16;ANN=T	missense_variant	MODERATE	BSD 2.00	YBR290W	c.810G>T	p.Leu270Phe
AC=2;AF=0.018;AN=110;DP=747;FS=0;MLEAC=2;MLEAF=0.018;MQ=60;QD=34.36;SOR=1.16;ANN=T	missense_variant	MODERATE	BSD 2.00	YBR290W	c.810G>T	p.Leu270Phe
AC=1;AF=0.009091;AN=110;DP=858;FS=0;MLEAC=1;MLEAF=0.009091;MQ=60;QD=30.97;SOR=0.693;ANN=A	missense_variant	MODERATE	HIS4	YCL030C	c.2195C>T	p.Thr732Ile
AC=1;AF=0.009091;AN=110;DP=554;FS=0;MLEAC=1;MLEAF=0.009091;MQ=60;QD=25;SOR=0.693;ANN=A	frameshift_variant	HIGH	AGP1	YCL025C	c.1765delA	p.Ile589fs
AC=1;AF=0.009091;AN=110;DP=554;FS=0;MLEAC=1;MLEAF=0.009091;MQ=60;QD=29.56;SOR=0.693;ANN=A	synonymous_variant	LOW	AGP1	YCL025C	c.1761G>T	p.Leu587Leu
AC=1;AF=0.009091;AN=110;DP=681;FS=0;MLEAC=1;MLEAF=0.009091;MQ=60;QD=32.94;SOR=0.693;ANN=T	stop_gained	HIGH	RBK1	YCR036W	c.178C>T	p.Arg60*
AC=1;AF=0.009091;AN=110;DP=940;FS=0;MLEAC=1;MLEAF=0.009091;MQ=60;QD=32.75;SOR=0.765;ANN=C	synonymous_variant	LOW	YIH1	YCR059C	c.588A>G	p.Gln196Gln
AC=1;AF=0.009091;AN=110;DP=1468;FS=0;MLEAC=1;MLEAF=0.009091;MQ=60;QD=28.6;SOR=0.765;ANN=C	missense_variant	MODERATE	ABP1	YCR088W	c.624A>C	p.Leu208Phe
AC=1;AF=0.009091;AN=110;DP=968;FS=0;MLEAC=1;MLEAF=0.009091;MQ=60;QD=34.98;SOR=2.049;ANN=A	missense_variant	MODERATE	FIG2	YCR089W	c.2596G>A	p.Ala866Thr
AC=1;AF=0.009091;AN=110;DP=1356;FS=0;MLEAC=1;MLEAF=0.009091;MQ=60;QD=30.92;SOR=1.085;ANN=T	frameshift_variant	HIGH	KIN82	YCR091W	c.694delC	p.Leu232fs
AC=1;AF=0.009091;AN=110;DP=1588;FS=0;MLEAC=1;MLEAF=0.009091;MQ=60;QD=34.05;SOR=0.892;ANN=T	missense_variant	MODERATE	OCA4	YCR095C	c.541G>A	p.Glu181Lys
AC=1;AF=0.009091;AN=110;DP=1549;FS=0;MLEAC=1;MLEAF=0.009091;MQ=60;QD=34.39;SOR=0.859;ANN=G	missense_variant	MODERATE	LRG1	YDL240W	c.314T>G	p.Leu105Trp
AC=1;AF=0.009091;AN=110;DP=740;FS=0;MLEAC=1;MLEAF=0.009091;MQ=60;QD=30.52;SOR=1.179;ANN=C	frameshift_variant	HIGH	HO	YDL227C	c.1442delA	p.Lys481fs
AC=1;AF=0.009091;AN=110;DP=738;FS=0;MLEAC=1;MLEAF=0.009091;MQ=60;QD=34.38;SOR=0.976;ANN=T	missense_variant	MODERATE	HBT1	YDL223C	c.2192C>A	p.Thr731Lys
AC=1;AF=0.009091;AN=110;DP=733;FS=0;MLEAC=1;MLEAF=0.009091;MQ=60;QD=30.83;SOR=1.519;ANN=T	missense_variant	MODERATE	UGA4	YDL210W	c.1200G>T	p.Leu400Phe
AC=1;AF=0.009091;AN=110;DP=845;FS=0;MLEAC=1;MLEAF=0.009091;MQ=60;QD=31.19;SOR=1.473;ANN=A	missense_variant	MODERATE	UGA3	YDL170W	c.799C>A	p.Leu267Ile
AC=1;AF=0.009091;AN=110;DP=1829;FS=0;MLEAC=1;MLEAF=0.009091;MQ=60;QD=30.27;SOR=0.776;ANN=A	missense_variant	MODERATE	CLB3	YDL155W	c.1249G>A	p.Ala417Thr
AC=1;AF=0.009091;AN=110;DP=903;FS=0;MLEAC=1;MLEAF=0.009091;MQ=60;QD=32.23;SOR=0.776;ANN=T	missense_variant	MODERATE	VCX1	YDL128W	c.506C>T	p.Ala169Val
AC=2;AF=0.018;AN=110;DP=924;FS=0;MLEAC=2;MLEAF=0.018;MQ=60;QD=34.57;SOR=1.051;ANN=G	missense_variant	MODERATE	VCX1	YDL128W	c.517C>G	p.Leu173Val
AC=2;AF=0.018;AN=110;DP=924;FS=0;MLEAC=2;MLEAF=0.018;MQ=60;QD=34.57;SOR=1.051;ANN=G	missense_variant	MODERATE	VCX1	YDL128W	c.517C>G	p.Leu173Val
AC=1;AF=0.009091;AN=110;DP=912;FS=0;MLEAC=1;MLEAF=0.009091;MQ=60;QD=32.32;SOR=1.708;ANN=A	missense_variant	MODERATE	VCX1	YDL128W	c.529G>A	p.Ala177Thr
AC=2;AF=0.018;AN=110;BaseQRankSum=1.88;DP=869;FS=6.341;MLEAC=2;MLEAF=0.018;MQ=60;MQRankSum=0;QD=10.58;ReadPosRankSum=0.364;SOR=1.506;ANN=G	frameshift_variant	HIGH	CYK3	YDL117W	c.437delA	p.Asn146fs
AC=1;AF=0.009091;AN=110;DP=835;FS=0;MLEAC=1;MLEAF=0.009091;MQ=60;QD=33.64;SOR=2.049;ANN=A	missense_variant	MODERATE	MSS2	YDL107W	c.280G>A	p.Asp94Asn
AC=1;AF=0.009091;AN=110;DP=837;FS=0;MLEAC=1;MLEAF=0.009091;MQ=60;QD=25.73;SOR=0.818;ANN=A	synonymous_variant	LOW	MSS2	YDL107W	c.1035G>A	p.Leu345Leu
AC=1;AF=0.009091;AN=110;DP=916;FS=0;MLEAC=1;MLEAF=0.009091;MQ=60;QD=33.57;SOR=0.914;ANN=A	missense_variant	MODERATE	QRI7	YDL104C	c.998G>T	p.Arg333Ile
AC=1;AF=0.009091;AN=110;BaseQRankSum=0.895;DP=916;FS=0;MLEAC=1;MLEAF=0.009091;MQ=60;MQRankSum=0;QD=29.35;ReadPosRankSum=-0.18;SOR=0.793;ANN=G	missense_variant	MODERATE	POL3	YDL102W	c.752A>G	p.Asn251Ser
AC=1;AF=0.009091;AN=110;DP=1244;FS=0;MLEAC=1;MLEAF=0.009091;MQ=60;QD=31.68;SOR=0.836;ANN=G	missense_variant	MODERATE	SUB2	YDL084W	c.497A>G	p.Tyr166Cys
AC=1;AF=0.009091;AN=110;BaseQRankSum=1.76;DP=843;FS=3.203;MLEAC=1;MLEAF=0.009091;MQ=60;MQRankSum=0;QD=28.93;ReadPosRankSum=-1.435;SOR=0.499;ANN=A	missense_variant	MODERATE	IDP1	YDL066W	c.73C>A	p.Pro25Thr
AC=1;AF=0.009091;AN=110;DP=981;FS=0;MLEAC=1;MLEAF=0.009091;MQ=60;QD=32.94;SOR=0.941;ANN=T	missense_variant	MODERATE	OSH2	YDL019C	c.3841G>A	p.Asp1281Asn
AC=1;AF=0.009091;AN=110;DP=521;FS=0;MLEAC=1;MLEAF=0.009091;MQ=60;QD=27.66;SOR=0.892;ANN=A	missense_variant	MODERATE	ARO3	YDR035W	c.268G>A	p.Glu90Lys
AC=1;AF=0.009091;AN=110;DP=932;FS=0;MLEAC=1;MLEAF=0.009091;MQ=60;QD=23.83;SOR=1.27;ANN=A	stop_gained	HIGH	DOA4	YDR069C	c.616C>T	p.Gln206*
AC=1;AF=0.009091;AN=110;DP=1208;FS=0;MLEAC=1;MLEAF=0.009091;MQ=60;QD=33.62;SOR=1.402;ANN=T	missense_variant	MODERATE	STE5	YDR103W	c.2591C>T	p.Ser864Phe
AC=1;AF=0.009091;AN=110;DP=661;FS=0;MLEAC=1;MLEAF=0.009091;MQ=60;QD=29.81;SOR=1.609;ANN=A	conservative_inframe_deletion	MODERATE	KIN1	YDR122W	c.157_159delCAG	p.Gln53del
AC=1;AF=0.009091;AN=110;DP=677;FS=0;MLEAC=1;MLEAF=0.009091;MQ=60;QD=34.48;SOR=1.085;ANN=C	missense_variant	MODERATE	YCF1	YDR135C	c.1325A>G	p.Lys442Arg
AC=1;AF=0.009091;AN=110;DP=582;FS=0;MLEAC=1;MLEAF=0.009091;MQ=60;QD=28.36;SOR=0.765;ANN=A	missense_variant	MODERATE	UBC1	YDR177W	c.424G>A	p.Ala142Thr
AC=1;AF=0.009091;AN=110;DP=486;FS=0;MLEAC=1;MLEAF=0.009091;MQ=60;QD=32.27;SOR=0.892;ANN=T	missense_variant	MODERATE	EBS1	YDR206W	c.2127A>T	p.Glu709Asp
AC=1;AF=0.009091;AN=110;BaseQRankSum=2.01;DP=463;FS=0;MLEAC=1;MLEAF=0.009091;MQ=60;MQRankSum=0;QD=32.45;ReadPosRankSum=1.4;SOR=0.507;ANN=A	missense_variant	MODERATE	UME6	YDR207C	c.110A>T	p.Lys37Ile
AC=1;AF=0.009091;AN=110;DP=706;FS=0;MLEAC=1;MLEAF=0.009091;MQ=60;QD=33.61;SOR=1.127;ANN=T	missense_variant	MODERATE	ADR1	YDR216W	c.1174C>T	p.His392Tyr
AC=1;AF=0.009091;AN=110;BaseQRankSum=1.65;DP=836;FS=0;MLEAC=1;MLEAF=0.009091;MQ=60;MQRankSum=0;QD=25.19;ReadPosRankSum=-0.038;SOR=1.402;ANN=A	frameshift_variant	HIGH	YAP6	YDR259C	c.1102delA	p.Ile368fs
AC=1;AF=0.009091;AN=110;DP=426;FS=0;MLEAC=1;MLEAF=0.009091;MQ=60;QD=25.75;SOR=2.494;ANN=T	missense_variant	MODERATE	YDR269C	YDR269C	c.185C>A	p.Thr62Asn
AC=1;AF=0.009091;AN=110;DP=772;FS=0;MLEAC=1;MLEAF=0.009091;MQ=60;QD=29.55;SOR=0.914;ANN=A	missense_variant	MODERATE	SUM1	YDR310C	c.1037C>T	p.Thr346Met
AC=1;AF=0.009091;AN=110;DP=796;FS=0;MLEAC=1;MLEAF=0.009091;MQ=60;QD=28.43;SOR=1.022;ANN=T	missense_variant	MODERATE	TFB1	YDR311W	c.979G>T	p.Asp327Tyr
AC=1;AF=0.009091;AN=110;DP=807;FS=0;MLEAC=1;MLEAF=0.009091;MQ=60;QD=23.6;SOR=0.776;ANN=A	missense_variant	MODERATE	PIB1	YDR313C	c.608C>T	p.Ala203Val
AC=1;AF=0.009091;AN=110;DP=496;FS=0;MLEAC=1;MLEAF=0.009091;MQ=60;QD=33.97;SOR=0.693;ANN=A	missense_variant	MODERATE	SBE2	YDR351W	c.268G>A	p.Ala90Thr
AC=1;AF=0.009091;AN=110;DP=905;FS=0;MLEAC=1;MLEAF=0.009091;MQ=60;QD=33.47;SOR=1.609;ANN=A	stop_gained	HIGH	VPS74	YDR372C	c.307G>T	p.Glu103*
AC=1;AF=0.009091;AN=110;DP=558;FS=0;MLEAC=1;MLEAF=0.009091;MQ=60;QD=34.98;SOR=1.179;ANN=C	missense_variant	MODERATE	YRA1	YDR381W	c.431T>C	p.Ile144Thr
AC=1;AF=0.009091;AN=110;DP=505;FS=0;MLEAC=1;MLEAF=0.009091;MQ=60;QD=25.1;SOR=1.609;ANN=A	missense_variant	MODERATE	NPL3	YDR432W	c.331C>A	p.Arg111Ser
AC=1;AF=0.009091;AN=110;DP=743;FS=0;MLEAC=1;MLEAF=0.009091;MQ=60;QD=34.01;SOR=1.418;ANN=G	missense_variant	MODERATE	TOM1	YDR457W	c.1299T>G	p.Ile433Met
AC=1;AF=0.009091;AN=110;DP=738;FS=0;MLEAC=1;MLEAF=0.009091;MQ=60;QD=26.61;SOR=1.022;ANN=C	frameshift_variant	HIGH	TOM1	YDR457W	c.5433delT	p.Asp1812fs
AC=1;AF=0.009091;AN=110;DP=749;FS=0;MLEAC=1;MLEAF=0.009091;MQ=60;QD=31.08;SOR=1.071;ANN=C	missense_variant	MODERATE	HEH2	YDR458C	c.332A>G	p.Asp111Gly
AC=1;AF=0.009091;AN=110;BaseQRankSum=2.07;DP=1591;FS=3.493;MLEAC=1;MLEAF=0.009091;MQ=51.12;MQRankSum=0.199;QD=27.21;ReadPosRankSum=1.08;SOR=2.303;ANN=A	missense_variant	MODERATE	PAU10	YDR542W	c.58G>A	p.Ala20Thr
AC=1;AF=0.009091;AN=110;DP=721;FS=0;MLEAC=1;MLEAF=0.009091;MQ=60;QD=33.07;SOR=1.244;ANN=A	missense_variant	MODERATE	SUC2	YIL162W	c.1333G>A	p.Val445Ile
AC=1;AF=0.009091;AN=110;DP=741;FS=0;MLEAC=1;MLEAF=0.009091;MQ=60;QD=33.7;SOR=1.112;ANN=C	synonymous_variant	LOW	TAO3	YIL129C	c.3063A>G	p.Lys1021Lys
AC=1;AF=0.009091;AN=110;DP=730;FS=0;MLEAC=1;MLEAF=0.009091;MQ=60;QD=28.17;SOR=1.284;ANN=G	missense_variant	MODERATE	KGD1	YIL125W	c.1681T>G	p.Phe561Val
AC=1;AF=0.009091;AN=110;DP=737;FS=0;MLEAC=1;MLEAF=0.009091;MQ=60;QD=31.18;SOR=0.906;ANN=C	missense_variant	MODERATE	RPI1	YIL119C	c.119A>G	p.Glu40Gly
AC=1;AF=0.009091;AN=110;DP=788;FS=0;MLEAC=1;MLEAF=0.009091;MQ=60;QD=34.68;SOR=2.066;ANN=A	missense_variant	MODERATE	PFK26	YIL107C	c.200G>T	p.Arg67Ile
AC=1;AF=0.009091;AN=110;DP=783;FS=0;MLEAC=1;MLEAF=0.009091;MQ=60;QD=26.8;SOR=2.2;ANN=T	missense_variant	MODERATE	FYV10	YIL097W	c.1189C>T	p.His397Tyr
AC=1;AF=0.009091;AN=110;DP=782;FS=0;MLEAC=1;MLEAF=0.009091;MQ=60;QD=26;SOR=0.693;ANN=C	missense_variant	MODERATE	FYV10	YIL097W	c.1344A>C	p.Leu448Phe
AC=2;AF=0.018;AN=110;DP=846;FS=0;MLEAC=2;MLEAF=0.018;MQ=60;QD=31.39;SOR=1.143;ANN=C	frameshift_variant	HIGH	YRB2	YIL063C	c.114delA	p.Asp39fs
AC=2;AF=0.018;AN=110;DP=846;FS=0;MLEAC=2;MLEAF=0.018;MQ=60;QD=31.39;SOR=1.143;ANN=C	frameshift_variant	HIGH	YRB2	YIL063C	c.114delA	p.Asp39fs
AC=1;AF=0.009091;AN=110;DP=1596;FS=0;MLEAC=1;MLEAF=0.009091;MQ=60;QD=33.73;SOR=0.957;ANN=T	missense_variant	MODERATE	SYG1	YIL047C	c.1441G>A	p.Gly481Ser
AC=1;AF=0.009091;AN=110;DP=934;FS=0;MLEAC=1;MLEAF=0.009091;MQ=60;QD=31.34;SOR=0.976;ANN=C	missense_variant	MODERATE	MET30	YIL046W	c.1103A>C	p.Asn368Thr
AC=1;AF=0.009091;AN=110;DP=957;FS=0;MLEAC=1;MLEAF=0.009091;MQ=60;QD=31.13;SOR=0.846;ANN=T	missense_variant	MODERATE	PKP1	YIL042C	c.1013C>A	p.Pro338His
AC=1;AF=0.009091;AN=110;DP=920;FS=0;MLEAC=1;MLEAF=0.009091;MQ=60;QD=33.3;SOR=0.85;ANN=A	synonymous_variant	LOW	PRI1	YIR008C	c.228C>T	p.Asn76Asn
AC=1;AF=0.009091;AN=110;DP=746;FS=0;MLEAC=1;MLEAF=0.009091;MQ=60;QD=33.68;SOR=0.826;ANN=A	missense_variant	MODERATE	DAL2	YIR029W	c.862T>A	p.Ser288Thr
AC=1;AF=0.014;AN=69;DP=21200;FS=0;MLEAC=2;MLEAF=0.029;MQ=60;QD=25;SOR=1.15;ANN=T		MODIFIER				
AC=1;AF=0.015;AN=68;DP=44172;FS=0;MLEAC=2;MLEAF=0.029;MQ=60;QD=28.17;SOR=1.113;ANN=A		MODIFIER				
AC=1;AF=0.014;AN=71;DP=37170;FS=0;MLEAC=2;MLEAF=0.028;MQ=60;QD=26;SOR=0.766;ANN=AT		MODIFIER				
AC=1;AF=0.009091;AN=110;DP=559;FS=0;MLEAC=1;MLEAF=0.009091;MQ=51.91;QD=25.36;SOR=1.681;ANN=A	missense_variant	MODERATE	HXT13	YEL069C	c.319C>T	p.Arg107Cys
AC=1;AF=0.009091;AN=110;DP=862;FS=0;MLEAC=1;MLEAF=0.009091;MQ=60;QD=27.51;SOR=0.826;ANN=A	stop_gained	HIGH	YEF1	YEL041W	c.390G>A	p.Trp130*
AC=1;AF=0.009091;AN=110;DP=904;FS=0;MLEAC=1;MLEAF=0.009091;MQ=60;QD=29.03;SOR=0.756;ANN=T	synonymous_variant	LOW	FMP52	YER004W	c.57C>T	p.His19His
AC=1;AF=0.009091;AN=110;DP=902;FS=0;MLEAC=1;MLEAF=0.009091;MQ=60;QD=34.25;SOR=0.836;ANN=T	missense_variant	MODERATE	NUG1	YER006W	c.1482A>T	p.Lys494Asn
AC=1;AF=0.009091;AN=110;DP=817;FS=0;MLEAC=1;MLEAF=0.009091;MQ=60;QD=25.31;SOR=1.214;ANN=T	synonymous_variant	LOW	CAJ1	YER048C	c.675G>A	p.Glu225Glu
AC=1;AF=0.009091;AN=110;BaseQRankSum=1.57;DP=923;FS=0;MLEAC=1;MLEAF=0.009091;MQ=60;MQRankSum=0;QD=30.41;ReadPosRankSum=-1.951;SOR=0.902;ANN=A	stop_gained	HIGH	FCY2	YER056C	c.1465C>T	p.Gln489*
AC=1;AF=0.009091;AN=110;DP=998;FS=0;MLEAC=1;MLEAF=0.009091;MQ=60;QD=34.52;SOR=0.88;ANN=C	missense_variant	MODERATE	HMF1	YER057C	c.353A>G	p.Asp118Gly
AC=1;AF=0.009091;AN=110;DP=887;FS=0;MLEAC=1;MLEAF=0.009091;MQ=60;QD=34.36;SOR=1.708;ANN=A	stop_gained	HIGH	VTC1	YER072W	c.107G>A	p.Trp36*
AC=1;AF=0.009091;AN=110;DP=852;FS=0;MLEAC=1;MLEAF=0.009091;MQ=60;QD=32.7;SOR=0.804;ANN=T	frameshift_variant	HIGH	VTC1	YER072W	c.196delA	p.Thr66fs
AC=1;AF=0.009091;AN=110;DP=847;FS=0;MLEAC=1;MLEAF=0.009091;MQ=60;QD=33.66;SOR=1.179;ANN=A	missense_variant	MODERATE	ALD5	YER073W	c.71C>A	p.Ser24Tyr
AC=1;AF=0.009091;AN=110;DP=804;FS=0;MLEAC=1;MLEAF=0.009091;MQ=60;QD=30.94;SOR=0.906;ANN=T	missense_variant	MODERATE	DOT6	YER088C	c.1103C>A	p.Ser368Tyr
AC=2;AF=0.018;AN=110;DP=1611;FS=0;MLEAC=2;MLEAF=0.018;MQ=60;QD=34.64;SOR=0.874;ANN=C	synonymous_variant	LOW	SAK1	YER129W	c.735T>C	p.Gly245Gly
AC=2;AF=0.018;AN=110;DP=1611;FS=0;MLEAC=2;MLEAF=0.018;MQ=60;QD=34.64;SOR=0.874;ANN=C	synonymous_variant	LOW	SAK1	YER129W	c.735T>C	p.Gly245Gly
AC=1;AF=0.009091;AN=110;DP=495;FS=0;MLEAC=1;MLEAF=0.009091;MQ=60;QD=28.71;SOR=0.784;ANN=C	synonymous_variant	LOW	UBP5	YER144C	c.912A>G	p.Gln304Gln
AC=1;AF=0.009091;AN=110;BaseQRankSum=2.02;DP=464;FS=0;MLEAC=1;MLEAF=0.009091;MQ=60;MQRankSum=0;QD=33.97;ReadPosRankSum=1.74;SOR=0.321;ANN=T	missense_variant	MODERATE	COG3	YER157W	c.1152G>T	p.Arg384Ser
AC=1;AF=0.009091;AN=110;BaseQRankSum=-0.104;DP=382;FS=0;MLEAC=1;MLEAF=0.009091;MQ=60;MQRankSum=0;QD=22.33;ReadPosRankSum=0.495;SOR=1.27;ANN=C	missense_variant	MODERATE	SPT2	YER161C	c.89A>G	p.Asp30Gly
AC=1;AF=0.009091;AN=110;DP=420;FS=0;MLEAC=1;MLEAF=0.009091;MQ=60;QD=34.11;SOR=0.693;ANN=C	missense_variant	MODERATE	DNF1	YER166W	c.1148G>C	p.Arg383Thr
AC=1;AF=0.009091;AN=110;DP=436;FS=0;MLEAC=1;MLEAF=0.009091;MQ=60;QD=27.76;SOR=0.997;ANN=GT	frameshift_variant	HIGH	DNF1	YER166W	c.3860dupT	p.Tyr1289fs
AC=1;AF=0.009091;AN=110;BaseQRankSum=2.31;DP=989;FS=0;MLEAC=1;MLEAF=0.009091;MQ=60;MQRankSum=0;QD=32.28;ReadPosRankSum=-1.077;SOR=0.557;ANN=T	missense_variant	MODERATE	BRR 2.00	YER172C	c.2557T>A	p.Tyr853Asn
AC=1;AF=0.009091;AN=110;DP=1210;FS=0;MLEAC=1;MLEAF=0.009091;MQ=60;QD=32.28;SOR=1.27;ANN=G	missense_variant	MODERATE	PDA1	YER178W	c.161A>G	p.Gln54Arg
AC=1;AF=0.009091;AN=110;DP=850;FS=0;MLEAC=1;MLEAF=0.009091;MQ=60;QD=29.49;SOR=1.096;ANN=C	missense_variant	MODERATE	FAU1	YER183C	c.188T>G	p.Ile63Ser
AC=1;AF=0.009091;AN=110;DP=956;FS=0;MLEAC=1;MLEAF=0.009091;MQ=60;QD=25.77;SOR=1.022;ANN=A	upstream_gene_variant	MODIFIER	ACT1	YFL039C	c.-3693C>T	
AC=1;AF=0.009091;AN=110;DP=1372;FS=0;MLEAC=1;MLEAF=0.009091;MQ=60;QD=33.57;SOR=2.584;ANN=T	missense_variant	MODERATE	YFL021C-A	YFL021C-A	c.304G>A	p.Ala102Thr
AC=1;AF=0.009091;AN=110;DP=464;FS=0;MLEAC=1;MLEAF=0.009091;MQ=60;QD=34.29;SOR=1.493;ANN=T	synonymous_variant	LOW	BLM10	YFL007W	c.3726C>T	p.His1242His
AC=1;AF=0.009091;AN=110;DP=711;FS=0;MLEAC=1;MLEAF=0.009091;MQ=60;QD=26.72;SOR=1.708;ANN=T	synonymous_variant	LOW	MET10	YFR030W	c.2835C>T	p.Ile945Ile
AC=1;AF=0.009091;AN=110;DP=724;FS=0;MLEAC=1;MLEAF=0.009091;MQ=60;QD=24.84;SOR=0.836;ANN=T	missense_variant	MODERATE	SMC2	YFR031C	c.2464C>A	p.Gln822Lys
AC=1;AF=0.009091;AN=110;DP=729;FS=0;MLEAC=1;MLEAF=0.009091;MQ=60;QD=34.57;SOR=2.833;ANN=T	missense_variant	MODERATE	RPL2A	YFR031C-A	c.157G>A	p.Gly53Ser
AC=1;AF=0.009091;AN=110;BaseQRankSum=0;DP=1268;FS=5.78;MLEAC=1;MLEAF=0.009091;MQ=60;MQRankSum=0;QD=25.39;ReadPosRankSum=-0.842;SOR=1.308;ANN=A	frameshift_variant&start_lost	HIGH	BNA6	YFR047C	c.1delA	p.Met1fs
AC=1;AF=0.009091;AN=110;DP=874;FS=0;MLEAC=1;MLEAF=0.009091;MQ=60;QD=34.79;SOR=1.302;ANN=G	missense_variant	MODERATE	ZRT1	YGL255W	c.605A>G	p.Glu202Gly
AC=1;AF=0.009091;AN=110;DP=867;FS=0;MLEAC=1;MLEAF=0.009091;MQ=60;QD=33.62;SOR=1.112;ANN=A	missense_variant	MODERATE	FZF1	YGL254W	c.554T>A	p.Leu185His
AC=1;AF=0.009091;AN=110;DP=849;FS=0;MLEAC=1;MLEAF=0.009091;MQ=60;QD=25.63;SOR=1.179;ANN=A	frameshift_variant	HIGH	SAP4	YGL229C	c.1571delA	p.Asn524fs
AC=1;AF=0.009091;AN=110;DP=1086;FS=0;MLEAC=1;MLEAF=0.009091;MQ=60;QD=27.36;SOR=0.836;ANN=A	missense_variant	MODERATE	COG1	YGL223C	c.262A>T	p.Thr88Ser
AC=1;AF=0.009091;AN=110;BaseQRankSum=1.68;DP=781;FS=0;MLEAC=1;MLEAF=0.009091;MQ=60;MQRankSum=0;QD=13.42;ReadPosRankSum=0.123;SOR=0.892;ANN=T	missense_variant	MODERATE	CHC1	YGL206C	c.1809C>A	p.Asp603Glu
AC=1;AF=0.009091;AN=110;DP=730;FS=0;MLEAC=1;MLEAF=0.009091;MQ=60;QD=30.63;SOR=1.236;ANN=T	missense_variant	MODERATE	TOS3	YGL179C	c.1467G>A	p.Met489Ile
AC=1;AF=0.009091;AN=110;DP=780;FS=0;MLEAC=1;MLEAF=0.009091;MQ=60;QD=34.56;SOR=1.688;ANN=G	missense_variant	MODERATE	ROG1	YGL144C	c.1839A>C	p.Lys613Asn
AC=1;AF=0.009091;AN=110;DP=765;FS=0;MLEAC=1;MLEAF=0.009091;MQ=60;QD=31.47;SOR=1.609;ANN=T	missense_variant	MODERATE	HUL5	YGL141W	c.1638G>T	p.Trp546Cys
AC=3;AF=0.027;AN=110;DP=790;FS=0;MLEAC=3;MLEAF=0.027;MQ=60;QD=34.92;SOR=0.823;ANN=A	missense_variant	MODERATE	HUL5	YGL141W	c.2341G>A	p.Glu781Lys
AC=3;AF=0.027;AN=110;DP=790;FS=0;MLEAC=3;MLEAF=0.027;MQ=60;QD=34.92;SOR=0.823;ANN=A	missense_variant	MODERATE	HUL5	YGL141W	c.2341G>A	p.Glu781Lys
AC=3;AF=0.027;AN=110;DP=790;FS=0;MLEAC=3;MLEAF=0.027;MQ=60;QD=34.92;SOR=0.823;ANN=A	missense_variant	MODERATE	HUL5	YGL141W	c.2341G>A	p.Glu781Lys
AC=1;AF=0.009091;AN=110;DP=768;FS=0;MLEAC=1;MLEAF=0.009091;MQ=60;QD=28.71;SOR=1.371;ANN=A	missense_variant	MODERATE	HUL5	YGL141W	c.2387G>A	p.Arg796Lys
AC=1;AF=0.009091;AN=110;DP=785;FS=0;MLEAC=1;MLEAF=0.009091;MQ=60;QD=33.69;SOR=2.147;ANN=T	missense_variant	MODERATE	ITC1	YGL133W	c.1519A>T	p.Ser507Cys
AC=1;AF=0.009091;AN=110;DP=795;FS=0;MLEAC=1;MLEAF=0.009091;MQ=60;QD=32.79;SOR=1.329;ANN=G	missense_variant	MODERATE	SNT2	YGL131C	c.1930G>C	p.Asp644His
AC=1;AF=0.009091;AN=110;DP=798;FS=0;MLEAC=1;MLEAF=0.009091;MQ=60;QD=34.01;SOR=1.179;ANN=T	missense_variant	MODERATE	SNT2	YGL131C	c.1822C>A	p.Leu608Ile
AC=1;AF=0.009091;AN=110;DP=999;FS=0;MLEAC=1;MLEAF=0.009091;MQ=60;QD=33.78;SOR=1.739;ANN=G	missense_variant	MODERATE	RPS2	YGL123W	c.676A>G	p.Thr226Ala
AC=1;AF=0.009091;AN=110;BaseQRankSum=-0.265;DP=689;FS=3.634;MLEAC=1;MLEAF=0.009091;MQ=60;MQRankSum=0;QD=15.24;ReadPosRankSum=1.22;SOR=0.725;ANN=G	synonymous_variant	LOW	NAB2	YGL122C	c.1398T>C	p.Asn466Asn
AC=1;AF=0.009091;AN=110;DP=1558;FS=0;MLEAC=1;MLEAF=0.009091;MQ=60;QD=34.86;SOR=1.528;ANN=A	stop_gained	HIGH	CUE3	YGL110C	c.691A>T	p.Lys231*
AC=1;AF=0.009091;AN=110;DP=863;FS=0;MLEAC=1;MLEAF=0.009091;MQ=60;QD=33.88;SOR=1.214;ANN=T	missense_variant	MODERATE	SPC105	YGL093W	c.1348C>T	p.Pro450Ser
AC=1;AF=0.009091;AN=110;DP=846;FS=0;MLEAC=1;MLEAF=0.009091;MQ=60;QD=30.59;SOR=1.23;ANN=T	missense_variant	MODERATE	AFT1	YGL071W	c.509C>T	p.Ser170Phe
AC=1;AF=0.009091;AN=110;DP=947;FS=0;MLEAC=1;MLEAF=0.009091;MQ=60;QD=35.59;SOR=1.681;ANN=G	missense_variant	MODERATE	CWH41	YGL027C	c.1864G>C	p.Val622Leu
AC=1;AF=0.009091;AN=110;BaseQRankSum=1.47;DP=809;FS=8.049;MLEAC=1;MLEAF=0.009091;MQ=60;MQRankSum=0;QD=30.16;ReadPosRankSum=2.37;SOR=1.099;ANN=T	missense_variant	MODERATE	STT3	YGL022W	c.1767G>T	p.Trp589Cys
AC=1;AF=0.009091;AN=110;DP=807;FS=0;MLEAC=1;MLEAF=0.009091;MQ=60;QD=33.04;SOR=1.418;ANN=A	stop_gained	HIGH	PDR1	YGL013C	c.1681C>T	p.Arg561*
AC=1;AF=0.009091;AN=110;DP=807;FS=0;MLEAC=1;MLEAF=0.009091;MQ=60;QD=29.14;SOR=1.46;ANN=C	missense_variant	MODERATE	PMA1	YGL008C	c.2734A>G	p.Thr912Ala
AC=2;AF=0.018;AN=110;DP=811;FS=0;MLEAC=2;MLEAF=0.018;MQ=60;QD=34.37;SOR=0.693;ANN=G	missense_variant	MODERATE	PMA1	YGL008C	c.2347G>C	p.Gly783Arg
AC=2;AF=0.018;AN=110;DP=811;FS=0;MLEAC=2;MLEAF=0.018;MQ=60;QD=34.37;SOR=0.693;ANN=G	missense_variant	MODERATE	PMA1	YGL008C	c.2347G>C	p.Gly783Arg
AC=1;AF=0.009091;AN=110;BaseQRankSum=2.21;DP=803;FS=0;MLEAC=1;MLEAF=0.009091;MQ=60;MQRankSum=0;QD=34.63;ReadPosRankSum=1.57;SOR=0.765;ANN=G	missense_variant	MODERATE	PMA1	YGL008C	c.2081A>C	p.Tyr694Ser
AC=1;AF=0.009091;AN=110;DP=802;FS=0;MLEAC=1;MLEAF=0.009091;MQ=60;QD=31.71;SOR=1.708;ANN=T	missense_variant	MODERATE	PMA1	YGL008C	c.1534G>A	p.Ala512Thr
AC=1;AF=0.009091;AN=110;DP=797;FS=0;MLEAC=1;MLEAF=0.009091;MQ=60;QD=32.86;SOR=1.292;ANN=T	missense_variant	MODERATE	PMA1	YGL008C	c.613G>A	p.Glu205Lys
AC=1;AF=0.009091;AN=110;DP=805;FS=0;MLEAC=1;MLEAF=0.009091;MQ=60;QD=34.14;SOR=0.892;ANN=G	missense_variant	MODERATE	PMA1	YGL008C	c.472G>C	p.Gly158Arg
AC=1;AF=0.009091;AN=110;DP=796;FS=0;MLEAC=1;MLEAF=0.009091;MQ=60;QD=32.75;SOR=0.818;ANN=A	missense_variant	MODERATE	PMA1	YGL008C	c.450G>T	p.Leu150Phe
AC=1;AF=0.009091;AN=110;DP=800;FS=0;MLEAC=1;MLEAF=0.009091;MQ=60;QD=30.57;SOR=1.493;ANN=T	missense_variant	MODERATE	PMA1	YGL008C	c.367C>A	p.Pro123Thr
AC=1;AF=0.009091;AN=110;DP=410;FS=0;MLEAC=1;MLEAF=0.009091;MQ=60;QD=34.98;SOR=1.209;ANN=T	missense_variant	MODERATE	GSC2	YGR032W	c.2420G>T	p.Arg807Met
AC=1;AF=0.009091;AN=110;DP=436;FS=0;MLEAC=1;MLEAF=0.009091;MQ=60;QD=34.75;SOR=1.292;ANN=T	synonymous_variant	LOW	ACB1	YGR037C	c.165G>A	p.Lys55Lys
AC=1;AF=0.009091;AN=110;BaseQRankSum=-0.813;DP=722;FS=4.26;MLEAC=1;MLEAF=0.009091;MQ=60;MQRankSum=0;QD=26.71;ReadPosRankSum=-0.654;SOR=1.284;ANN=T	missense_variant	MODERATE	RSC1	YGR056W	c.1181G>T	p.Arg394Ile
AC=1;AF=0.009091;AN=110;DP=897;FS=0;MLEAC=1;MLEAF=0.009091;MQ=60;QD=32.33;SOR=1.609;ANN=G	missense_variant	MODERATE	ADE6	YGR061C	c.2701G>C	p.Val901Leu
AC=1;AF=0.009091;AN=110;DP=1211;FS=0;MLEAC=1;MLEAF=0.009091;MQ=60;QD=33.34;SOR=1.981;ANN=A	missense_variant	MODERATE	GCD2	YGR083C	c.1858A>T	p.Thr620Ser
AC=2;AF=0.018;AN=110;DP=1436;FS=0;MLEAC=2;MLEAF=0.018;MQ=60;QD=25.26;SOR=1.387;ANN=A	missense_variant	MODERATE	RRP46	YGR095C	c.611A>T	p.Glu204Val
AC=2;AF=0.018;AN=110;DP=1436;FS=0;MLEAC=2;MLEAF=0.018;MQ=60;QD=25.26;SOR=1.387;ANN=A	missense_variant	MODERATE	RRP46	YGR095C	c.611A>T	p.Glu204Val
AC=1;AF=0.009091;AN=110;DP=1564;FS=0;MLEAC=1;MLEAF=0.009091;MQ=60;QD=29.21;SOR=3.611;ANN=T	missense_variant	MODERATE	UTP8	YGR128C	c.1294G>A	p.Asp432Asn
AC=1;AF=0.009091;AN=110;DP=1969;FS=0;MLEAC=1;MLEAF=0.009091;MQ=60;QD=30.4;SOR=0.859;ANN=T	missense_variant	MODERATE	UTP8	YGR128C	c.253G>A	p.Ala85Thr
AC=1;AF=0.009091;AN=110;DP=2052;FS=0;MLEAC=1;MLEAF=0.009091;MQ=60;QD=32.78;SOR=1.739;ANN=T	missense_variant	MODERATE	SYF2	YGR129W	c.155C>T	p.Ala52Val
AC=1;AF=0.009091;AN=110;DP=833;FS=0;MLEAC=1;MLEAF=0.009091;MQ=60;QD=34.24;SOR=1.418;ANN=T	missense_variant	MODERATE	SKN1	YGR143W	c.203G>T	p.Gly68Val
AC=1;AF=0.009091;AN=110;DP=1296;FS=0;MLEAC=1;MLEAF=0.009091;MQ=60;QD=31.1;SOR=2.303;ANN=A	synonymous_variant	LOW	NSR1	YGR159C	c.948C>T	p.Ser316Ser
AC=1;AF=0.009091;AN=110;DP=770;FS=0;MLEAC=1;MLEAF=0.009091;MQ=60;QD=32.72;SOR=1.179;ANN=A	missense_variant	MODERATE	ERG1	YGR175C	c.58G>T	p.Asp20Tyr
AC=6;AF=0.055;AN=110;DP=798;FS=0;MLEAC=6;MLEAF=0.055;MQ=60;QD=33.53;SOR=1.094;ANN=C	missense_variant	MODERATE	TFG1	YGR186W	c.2099T>C	p.Phe700Ser
AC=6;AF=0.055;AN=110;DP=798;FS=0;MLEAC=6;MLEAF=0.055;MQ=60;QD=33.53;SOR=1.094;ANN=C	missense_variant	MODERATE	TFG1	YGR186W	c.2099T>C	p.Phe700Ser
AC=6;AF=0.055;AN=110;DP=798;FS=0;MLEAC=6;MLEAF=0.055;MQ=60;QD=33.53;SOR=1.094;ANN=C	missense_variant	MODERATE	TFG1	YGR186W	c.2099T>C	p.Phe700Ser
AC=6;AF=0.055;AN=110;DP=798;FS=0;MLEAC=6;MLEAF=0.055;MQ=60;QD=33.53;SOR=1.094;ANN=C	missense_variant	MODERATE	TFG1	YGR186W	c.2099T>C	p.Phe700Ser
AC=6;AF=0.055;AN=110;DP=798;FS=0;MLEAC=6;MLEAF=0.055;MQ=60;QD=33.53;SOR=1.094;ANN=C	missense_variant	MODERATE	TFG1	YGR186W	c.2099T>C	p.Phe700Ser
AC=6;AF=0.055;AN=110;DP=798;FS=0;MLEAC=6;MLEAF=0.055;MQ=60;QD=33.53;SOR=1.094;ANN=C	missense_variant	MODERATE	TFG1	YGR186W	c.2099T>C	p.Phe700Ser
AC=1;AF=0.009091;AN=110;DP=712;FS=0;MLEAC=1;MLEAF=0.009091;MQ=60;QD=29.54;SOR=0.846;ANN=C	missense_variant	MODERATE	PDX1	YGR193C	c.691C>G	p.Leu231Val
AC=1;AF=0.009091;AN=110;DP=1003;FS=0;MLEAC=1;MLEAF=0.009091;MQ=60;QD=29.36;SOR=0.756;ANN=A	stop_gained	HIGH	PHO81	YGR233C	c.385A>T	p.Lys129*
AC=1;AF=0.009091;AN=110;DP=1158;FS=0;MLEAC=1;MLEAF=0.009091;MQ=60;QD=30.89;SOR=0.741;ANN=A	synonymous_variant	LOW	CWC22	YGR278W	c.954G>A	p.Ala318Ala
AC=1;AF=0.009091;AN=110;DP=488;FS=0;MLEAC=1;MLEAF=0.009091;MQ=60;QD=32.78;SOR=1.22;ANN=T	missense_variant	MODERATE	YOR1	YGR281W	c.249G>T	p.Gln83His
AC=1;AF=0.009091;AN=110;DP=488;FS=0;MLEAC=1;MLEAF=0.009091;MQ=60;QD=33.65;SOR=0.793;ANN=T	synonymous_variant	LOW	YOR1	YGR281W	c.789C>T	p.Asn263Asn
AC=1;AF=0.009091;AN=110;DP=495;FS=0;MLEAC=1;MLEAF=0.009091;MQ=60;QD=34.32;SOR=1.46;ANN=T	missense_variant	MODERATE	YOR1	YGR281W	c.2615C>T	p.Ala872Val
AC=1;AF=0.009091;AN=110;DP=472;FS=0;MLEAC=1;MLEAF=0.009091;MQ=60;QD=31.74;SOR=1.536;ANN=G	missense_variant	MODERATE	IMA1	YGR287C	c.337T>C	p.Cys113Arg
AC=1;AF=0.009091;AN=110;DP=1163;FS=0;MLEAC=1;MLEAF=0.009091;MQ=60;QD=28.13;SOR=1.112;ANN=C	stop_gained	HIGH	OCA5	YHL029C	c.387C>G	p.Tyr129*
AC=2;AF=0.018;AN=110;BaseQRankSum=0.792;DP=1057;FS=1.69;MLEAC=2;MLEAF=0.018;MQ=60;MQRankSum=0;QD=21.97;ReadPosRankSum=-0.92;SOR=0.378;ANN=C	frameshift_variant	HIGH	SPO11	YHL022C	c.231delA	p.Gly78fs
AC=1;AF=0.009091;AN=110;DP=1066;FS=0;MLEAC=1;MLEAF=0.009091;MQ=60;QD=34.07;SOR=1.214;ANN=A	synonymous_variant	LOW	OPI1	YHL020C	c.633C>T	p.Ser211Ser
AC=1;AF=0.009091;AN=110;DP=1526;FS=0;MLEAC=1;MLEAF=0.009091;MQ=60;QD=32.52;SOR=1.445;ANN=T	synonymous_variant	LOW	MAS2	YHR024C	c.375T>A	p.Pro125Pro
AC=1;AF=0.009091;AN=110;DP=438;FS=0;MLEAC=1;MLEAF=0.009091;MQ=60;QD=32.58;SOR=1.609;ANN=G	synonymous_variant	LOW	CIC1	YHR052W	c.420A>G	p.Leu140Leu
AC=1;AF=0.009091;AN=110;BaseQRankSum=3.25;DP=838;FS=0;MLEAC=1;MLEAF=0.009091;MQ=60;MQRankSum=0;QD=9.31;ReadPosRankSum=2.1;SOR=0.892;ANN=T	synonymous_variant	LOW	MED6	YHR058C	c.186G>A	p.Val62Val
AC=1;AF=0.009091;AN=110;DP=843;FS=0;MLEAC=1;MLEAF=0.009091;MQ=60;QD=26.97;SOR=1.402;ANN=T	missense_variant	MODERATE	SSZ1	YHR064C	c.547G>A	p.Ala183Thr
AC=1;AF=0.009091;AN=110;DP=953;FS=0;MLEAC=1;MLEAF=0.009091;MQ=60;QD=32.94;SOR=1.445;ANN=T	missense_variant	MODERATE	PCL5	YHR071W	c.542C>T	p.Pro181Leu
AC=1;AF=0.009091;AN=110;DP=1031;FS=0;MLEAC=1;MLEAF=0.009091;MQ=60;QD=34.08;SOR=1.244;ANN=T	missense_variant	MODERATE	ERG7	YHR072W	c.1435C>T	p.His479Tyr
AC=1;AF=0.009091;AN=110;DP=770;FS=0;MLEAC=1;MLEAF=0.009091;MQ=60;QD=31.27;SOR=1.445;ANN=G	missense_variant	MODERATE	KSP1	YHR082C	c.3038G>C	p.Gly1013Ala
AC=1;AF=0.009091;AN=110;DP=769;FS=0;MLEAC=1;MLEAF=0.009091;MQ=60;QD=31.54;SOR=0.941;ANN=C	synonymous_variant	LOW	KSP1	YHR082C	c.132T>G	p.Val44Val
AC=1;AF=0.009091;AN=110;DP=770;FS=0;MLEAC=1;MLEAF=0.009091;MQ=60;QD=34.25;SOR=0.99;ANN=C	missense_variant	MODERATE	NAM8	YHR086W	c.470T>C	p.Val157Ala
AC=1;AF=0.009091;AN=110;DP=829;FS=0;MLEAC=1;MLEAF=0.009091;MQ=60;QD=32.39;SOR=0.784;ANN=G	missense_variant	MODERATE	ECM14	YHR132C	c.716G>C	p.Trp239Ser
AC=1;AF=0.009091;AN=110;DP=833;FS=0;MLEAC=1;MLEAF=0.009091;MQ=60;QD=31.92;SOR=1.542;ANN=CT	frameshift_variant	HIGH	YCK1	YHR135C	c.883dupA	p.Arg295fs
AC=1;AF=0.009091;AN=110;DP=825;FS=0;MLEAC=1;MLEAF=0.009091;MQ=60;QD=28.71;SOR=1.244;ANN=G	missense_variant	MODERATE	SPS100	YHR139C	c.950T>C	p.Leu317Ser
AC=1;AF=0.009091;AN=110;DP=840;FS=0;MLEAC=1;MLEAF=0.009091;MQ=60;QD=34.07;SOR=1.179;ANN=T	stop_gained	HIGH	LAM1	YHR155W	c.211C>T	p.Gln71*
AC=1;AF=0.009091;AN=110;DP=837;FS=0;MLEAC=1;MLEAF=0.009091;MQ=60;QD=33.77;SOR=1.609;ANN=T	synonymous_variant	LOW	LAM1	YHR155W	c.411C>T	p.Asn137Asn
AC=1;AF=0.009091;AN=110;DP=795;FS=0;MLEAC=1;MLEAF=0.009091;MQ=60;QD=30.35;SOR=1.828;ANN=A	missense_variant	MODERATE	PRP8	YHR165C	c.4553C>T	p.Ser1518Phe
AC=1;AF=0.009091;AN=110;DP=802;FS=0;MLEAC=1;MLEAF=0.009091;MQ=60;QD=29.7;SOR=0.826;ANN=A	missense_variant	MODERATE	PRP8	YHR165C	c.323C>T	p.Thr108Ile
AC=1;AF=0.009091;AN=110;DP=896;FS=0;MLEAC=1;MLEAF=0.009091;MQ=60;QD=26.26;SOR=0.693;ANN=A	synonymous_variant	LOW	ERG9	YHR190W	c.27G>A	p.Leu9Leu
AC=1;AF=0.009091;AN=110;DP=452;FS=0;MLEAC=1;MLEAF=0.009091;MQ=60;QD=31.78;SOR=1.096;ANN=T	missense_variant	MODERATE	YJL211C	YJL211C	c.164G>A	p.Cys55Tyr
AC=1;AF=0.009091;AN=110;DP=451;FS=0;MLEAC=1;MLEAF=0.009091;MQ=60;QD=30.62;SOR=0.793;ANN=T	missense_variant	MODERATE	NUC1	YJL208C	c.207T>A	p.His69Gln
AC=1;AF=0.009091;AN=110;DP=890;FS=0;MLEAC=1;MLEAF=0.009091;MQ=60;QD=34.97;SOR=1.519;ANN=A	stop_gained	HIGH	BUD19	YJL188C	c.106C>T	p.Gln36*
AC=1;AF=0.009091;AN=110;DP=711;FS=0;MLEAC=1;MLEAF=0.009091;MQ=60;QD=26.8;SOR=0.892;ANN=A	missense_variant	MODERATE	SET2	YJL168C	c.718C>T	p.Arg240Cys
AC=1;AF=0.009091;AN=110;BaseQRankSum=-0.184;DP=502;FS=1.585;MLEAC=1;MLEAF=0.009091;MQ=60;MQRankSum=0;QD=11.28;ReadPosRankSum=0.705;SOR=0.307;ANN=C	synonymous_variant	LOW	SFH5	YJL145W	c.700A>C	p.Arg234Arg
AC=1;AF=0.009091;AN=110;DP=486;FS=0;MLEAC=1;MLEAF=0.009091;MQ=60;QD=26;SOR=1.101;ANN=G	synonymous_variant	LOW	URA2	YJL130C	c.1416T>C	p.Gly472Gly
AC=1;AF=0.009091;AN=110;DP=499;FS=0;MLEAC=1;MLEAF=0.009091;MQ=60;QD=30.02;SOR=1.721;ANN=G	missense_variant	MODERATE	PBS2	YJL128C	c.1636G>C	p.Asp546His
AC=1;AF=0.009091;AN=110;DP=505;FS=0;MLEAC=1;MLEAF=0.009091;MQ=60;QD=27.89;SOR=0.859;ANN=A	missense_variant	MODERATE	PBS2	YJL128C	c.1167G>T	p.Lys389Asn
AC=1;AF=0.009091;AN=110;DP=799;FS=0;MLEAC=1;MLEAF=0.009091;MQ=60;QD=32.71;SOR=1.127;ANN=T	missense_variant	MODERATE	TRL 1	YJL087C	c.2402C>A	p.Ser801Tyr
AC=1;AF=0.009091;AN=110;DP=790;FS=0;MLEAC=1;MLEAF=0.009091;MQ=60;QD=30.67;SOR=2.448;ANN=C	frameshift_variant	HIGH	ALY2	YJL084C	c.80delT	p.Leu27fs
AC=1;AF=0.009091;AN=110;DP=831;FS=0;MLEAC=1;MLEAF=0.009091;MQ=60;QD=34.62;SOR=0.909;ANN=T	missense_variant	MODERATE	YHC3	YJL059W	c.209G>T	p.Arg70Ile
AC=1;AF=0.009091;AN=110;DP=816;FS=0;MLEAC=1;MLEAF=0.009091;MQ=60;QD=29.2;SOR=1.949;ANN=C	missense_variant	MODERATE	TIM54	YJL054W	c.404A>C	p.Asn135Thr
AC=1;AF=0.009091;AN=110;DP=814;FS=0;MLEAC=1;MLEAF=0.009091;MQ=60;QD=34.17;SOR=0.957;ANN=T	missense_variant	MODERATE	IRC8	YJL051W	c.835G>T	p.Val279Phe
AC=1;AF=0.009091;AN=110;DP=923;FS=0;MLEAC=1;MLEAF=0.009091;MQ=60;QD=32.17;SOR=1.681;ANN=G	missense_variant	MODERATE	MTR4	YJL050W	c.116A>G	p.Gln39Arg
AC=1;AF=0.009091;AN=110;DP=1324;FS=0;MLEAC=1;MLEAF=0.009091;MQ=60;QD=34.88;SOR=1.112;ANN=T	stop_gained	HIGH	MHP1	YJL042W	c.1423G>T	p.Glu475*
AC=1;AF=0.009091;AN=110;DP=777;FS=0;MLEAC=1;MLEAF=0.009091;MQ=60;QD=32.25;SOR=2.147;ANN=C	frameshift_variant	HIGH	VTC4	YJL012C	c.1581delC	p.Gly528fs
AC=1;AF=0.009091;AN=110;DP=777;FS=0;MLEAC=1;MLEAF=0.009091;MQ=60;QD=34.86;SOR=2.147;ANN=C	missense_variant	MODERATE	VTC4	YJL012C	c.1579C>G	p.Pro527Ala
AC=1;AF=0.009091;AN=110;DP=784;FS=0;MLEAC=1;MLEAF=0.009091;MQ=60;QD=34.76;SOR=2.093;ANN=A	stop_gained	HIGH	VTC4	YJL012C	c.1021G>T	p.Glu341*
AC=1;AF=0.009091;AN=110;DP=784;FS=0;MLEAC=1;MLEAF=0.009091;MQ=60;QD=32.49;SOR=0.693;ANN=A	stop_gained	HIGH	VTC4	YJL012C	c.310G>T	p.Glu104*
AC=1;AF=0.009091;AN=110;DP=411;FS=0;MLEAC=1;MLEAF=0.009091;MQ=60;QD=31.18;SOR=0.693;ANN=T	missense_variant	MODERATE	RAD26	YJR035W	c.1098G>T	p.Gln366His
AC=1;AF=0.009091;AN=110;DP=648;FS=0;MLEAC=1;MLEAF=0.009091;MQ=60;QD=33.89;SOR=0.811;ANN=T	missense_variant	MODERATE	TAH11	YJR046W	c.485C>T	p.Thr162Ile
AC=1;AF=0.009091;AN=110;DP=757;FS=0;MLEAC=1;MLEAF=0.009091;MQ=60;QD=33.87;SOR=1.179;ANN=G	stop_gained	HIGH	PTK2	YJR059W	c.561C>G	p.Tyr187*
AC=1;AF=0.009091;AN=110;BaseQRankSum=0.756;DP=758;FS=0;MLEAC=1;MLEAF=0.009091;MQ=60;MQRankSum=0;QD=28.65;ReadPosRankSum=-1.258;SOR=0.223;ANN=A	frameshift_variant	HIGH	PTK2	YJR059W	c.913delG	p.Glu305fs
AC=1;AF=0.009091;AN=110;BaseQRankSum=-0.535;DP=759;FS=0;MLEAC=1;MLEAF=0.009091;MQ=60;MQRankSum=0;QD=28.44;ReadPosRankSum=-1.258;SOR=0.223;ANN=T	missense_variant	MODERATE	PTK2	YJR059W	c.914A>T	p.Glu305Val
AC=1;AF=0.009091;AN=110;DP=755;FS=0;MLEAC=1;MLEAF=0.009091;MQ=60;QD=35.95;SOR=0.743;ANN=T	frameshift_variant	HIGH	PTK2	YJR059W	c.1649_1650delGA	p.Arg550fs
AC=1;AF=0.009091;AN=110;DP=756;FS=0;MLEAC=1;MLEAF=0.009091;MQ=60;QD=33.53;SOR=0.793;ANN=T	missense_variant	MODERATE	PTK2	YJR059W	c.1655C>T	p.Thr552Ile
AC=1;AF=0.009091;AN=110;DP=746;FS=0;MLEAC=1;MLEAF=0.009091;MQ=60;QD=36.33;SOR=3.056;ANN=T	missense_variant	MODERATE	BIR1	YJR089W	c.1057C>T	p.Arg353Cys
AC=1;AF=0.009091;AN=110;BaseQRankSum=0.967;DP=747;FS=0;MLEAC=1;MLEAF=0.009091;MQ=60;MQRankSum=0;QD=16.53;ReadPosRankSum=0.524;SOR=0.527;ANN=A	missense_variant	MODERATE	GRR1	YJR090C	c.2420C>T	p.Ser807Phe
AC=1;AF=0.009091;AN=110;DP=2091;FS=0;MLEAC=1;MLEAF=0.009091;MQ=60;QD=33.13;SOR=1.061;ANN=T	frameshift_variant	HIGH	TRT2	tT(CGU)K	c.44delG	p.Gly15fs
AC=1;AF=0.009091;AN=110;DP=1125;FS=0;MLEAC=1;MLEAF=0.009091;MQ=60;QD=29.85;SOR=0.984;ANN=G	synonymous_variant	LOW	LOS1	YKL205W	c.3267A>G	p.Val1089Val
AC=1;AF=0.009091;AN=110;DP=1520;FS=0;MLEAC=1;MLEAF=0.009091;MQ=60;QD=32.37;SOR=0.941;ANN=A	missense_variant	MODERATE	ZRT3	YKL175W	c.107G>A	p.Arg36His
AC=1;AF=0.009091;AN=110;DP=749;FS=0;MLEAC=1;MLEAF=0.009091;MQ=60;QD=34.77;SOR=0.752;ANN=T	missense_variant	MODERATE	YPK1	YKL126W	c.1163A>T	p.Glu388Val
AC=1;AF=0.009091;AN=110;DP=809;FS=0;MLEAC=1;MLEAF=0.009091;MQ=60;QD=33;SOR=1.085;ANN=C	missense_variant	MODERATE	HSL1	YKL101W	c.817A>C	p.Thr273Pro
AC=1;AF=0.009091;AN=110;BaseQRankSum=-1.993;DP=815;FS=0;MLEAC=1;MLEAF=0.009091;MQ=60;MQRankSum=0;QD=20.42;ReadPosRankSum=-0.767;SOR=0.859;ANN=A	synonymous_variant	LOW	CYT2	YKL087C	c.189C>T	p.Ser63Ser
AC=1;AF=0.009091;AN=110;DP=675;FS=0;MLEAC=1;MLEAF=0.009091;MQ=60;QD=29.96;SOR=0.793;ANN=T	missense_variant	MODERATE	PRI2	YKL045W	c.946G>T	p.Asp316Tyr
AC=1;AF=0.009091;AN=110;DP=1866;FS=0;MLEAC=1;MLEAF=0.009091;MQ=60;QD=32.01;SOR=0.941;ANN=G	missense_variant	MODERATE	URB1	YKL014C	c.1829A>C	p.Glu610Ala
AC=1;AF=0.009091;AN=110;BaseQRankSum=0.44;DP=1389;FS=3.51;MLEAC=1;MLEAF=0.009091;MQ=60;MQRankSum=0;QD=31.18;ReadPosRankSum=0.576;SOR=2.303;ANN=A	stop_gained	HIGH	UTH1	YKR042W	c.230C>A	p.Ser77*
AC=1;AF=0.009091;AN=110;DP=1149;FS=0;MLEAC=1;MLEAF=0.009091;MQ=60;QD=32.35;SOR=1.46;ANN=T	missense_variant	MODERATE	UIP5	YKR044W	c.464C>T	p.Ala155Val
AC=1;AF=0.009091;AN=110;DP=2168;FS=0;MLEAC=1;MLEAF=0.009091;MQ=60;QD=31.21;SOR=1.136;ANN=C	missense_variant	MODERATE	TRK2	YKR050W	c.1364A>C	p.Glu455Ala
AC=1;AF=0.009091;AN=110;DP=827;FS=0;MLEAC=1;MLEAF=0.009091;MQ=60;QD=31.66;SOR=0.793;ANN=G	missense_variant	MODERATE	NFT1	YKR103W	c.2167A>G	p.Ile723Val
AC=1;AF=0.009091;AN=110;DP=538;FS=0;MLEAC=1;MLEAF=0.009091;MQ=60;QD=28.73;SOR=1.23;ANN=G	missense_variant	MODERATE	YCT1	YLL055W	c.727C>G	p.Pro243Ala
AC=1;AF=0.009091;AN=110;DP=555;FS=0;MLEAC=1;MLEAF=0.009091;MQ=60;QD=32.79;SOR=0.741;ANN=C	missense_variant	MODERATE	FRE6	YLL051C	c.1534A>G	p.Ser512Gly
AC=1;AF=0.009091;AN=110;DP=876;FS=0;MLEAC=1;MLEAF=0.009091;MQ=60;QD=33.95;SOR=1.085;ANN=T	missense_variant	MODERATE	VPS13	YLL040C	c.8915G>A	p.Gly2972Asp
AC=1;AF=0.009091;AN=110;DP=878;FS=0;MLEAC=1;MLEAF=0.009091;MQ=60;QD=31.56;SOR=1.061;ANN=A	missense_variant	MODERATE	VPS13	YLL040C	c.7495G>T	p.Val2499Phe
AC=1;AF=0.009091;AN=110;DP=802;FS=0;MLEAC=1;MLEAF=0.009091;MQ=60;QD=25;SOR=0.874;ANN=T	missense_variant	MODERATE	HSP104	YLL026W	c.1748A>T	p.Gln583Leu
AC=1;AF=0.009091;AN=110;DP=1552;FS=6.99;MLEAC=1;MLEAF=0.009091;MQ=60;MQRankSum=0;QD=24.02;SOR=3.02;ANN=G	frameshift_variant	HIGH	UBR2	YLR024C	c.1985delT	p.Phe662fs
AC=1;AF=0.009091;AN=110;DP=1534;FS=0;MLEAC=1;MLEAF=0.009091;MQ=60;QD=31.58;SOR=1.508;ANN=G	frameshift_variant	HIGH	SNF7	YLR025W	c.687delA	p.Ala230fs
AC=1;AF=0.009091;AN=110;DP=951;FS=0;MLEAC=1;MLEAF=0.009091;MQ=60;QD=29.74;SOR=1.688;ANN=A	missense_variant	MODERATE	IES3	YLR052W	c.494T>A	p.Leu165Gln
AC=1;AF=0.009091;AN=110;DP=798;FS=0;MLEAC=1;MLEAF=0.009091;MQ=60;QD=34.9;SOR=0.693;ANN=T	synonymous_variant	LOW	RPL22A	YLR061W	c.6C>T	p.Ala2Ala
AC=1;AF=0.009091;AN=110;DP=1413;FS=0;MLEAC=1;MLEAF=0.009091;MQ=60;QD=33.21;SOR=1.148;ANN=A	missense_variant	MODERATE	HRT3	YLR097C	c.83G>T	p.Gly28Val
AC=1;AF=0.009091;AN=110;DP=707;FS=0;MLEAC=1;MLEAF=0.009091;MQ=60;QD=25.81;SOR=0.693;ANN=A	missense_variant	MODERATE	ERG27	YLR100W	c.127C>A	p.Pro43Thr
AC=1;AF=0.009091;AN=110;DP=635;FS=0;MLEAC=1;MLEAF=0.009091;MQ=60;QD=30.82;SOR=2.2;ANN=A	upstream_gene_variant	MODIFIER	MDN1	YLR106C	c.-2506C>T	
AC=1;AF=0.009091;AN=110;DP=635;FS=0;MLEAC=1;MLEAF=0.009091;MQ=60;QD=28.06;SOR=3.258;ANN=T	missense_variant	MODERATE	CCW12	YLR110C	c.386C>A	p.Ala129Asp
AC=1;AF=0.009091;AN=110;DP=612;FS=0;MLEAC=1;MLEAF=0.009091;MQ=60;QD=32.78;SOR=0.804;ANN=T	synonymous_variant	LOW	APC2	YLR127C	c.897G>A	p.Lys299Lys
AC=1;AF=0.009091;AN=110;DP=556;FS=0;MLEAC=1;MLEAF=0.009091;MQ=60;QD=33.66;SOR=1.179;ANN=T	synonymous_variant	LOW	RMP1	YLR145W	c.288A>T	p.Gly96Gly
AC=1;AF=0.009091;AN=110;DP=774;FS=0;MLEAC=1;MLEAF=0.009091;MQ=60;QD=33.31;SOR=0.804;ANN=A	upstream_gene_variant	MODIFIER	YLR198C	YLR198C	c.-1103C>T	
AC=1;AF=0.009091;AN=110;DP=1572;FS=0;MLEAC=1;MLEAF=0.009091;MQ=60;QD=31.92;SOR=1.051;ANN=A	synonymous_variant	LOW	ECM22	YLR228C	c.1701C>T	p.Tyr567Tyr
AC=1;AF=0.009091;AN=110;DP=1833;FS=0;MLEAC=1;MLEAF=0.009091;MQ=60;QD=29.75;SOR=0.836;ANN=A	missense_variant	MODERATE	IRC20	YLR247C	c.290C>T	p.Ala97Val
AC=1;AF=0.009091;AN=110;DP=1832;FS=0;MLEAC=1;MLEAF=0.009091;MQ=60;QD=33.9;SOR=0.765;ANN=A	missense_variant	MODERATE	RCK2	YLR248W	c.424G>A	p.Asp142Asn
AC=1;AF=0.009091;AN=110;DP=1668;FS=0;MLEAC=1;MLEAF=0.009091;MQ=60;QD=33.61;SOR=0.818;ANN=G	missense_variant	MODERATE	VPS63	YLR261C	c.212G>C	p.Ser71Thr
AC=1;AF=0.009091;AN=110;DP=2006;FS=0;MLEAC=1;MLEAF=0.009091;MQ=60;QD=24.88;SOR=1.828;ANN=C	synonymous_variant	LOW	RED1	YLR263W	c.2433T>C	p.Asp811Asp
AC=1;AF=0.009091;AN=110;DP=886;FS=0;MLEAC=1;MLEAF=0.009091;MQ=60;QD=33.07;SOR=1.418;ANN=C	synonymous_variant	LOW	MCM5	YLR274W	c.2322T>C	p.Gly774Gly
AC=1;AF=0.009091;AN=110;DP=1035;FS=0;MLEAC=1;MLEAF=0.009091;MQ=60;QD=31.26;SOR=0.892;ANN=C	missense_variant	MODERATE	YHC1	YLR298C	c.508A>G	p.Asn170Asp
AC=1;AF=0.009091;AN=110;DP=939;FS=0;MLEAC=1;MLEAF=0.009091;MQ=60;QD=33.89;SOR=1.051;ANN=A	frameshift_variant	HIGH	CDC25	YLR310C	c.4047delA	p.Lys1349fs
AC=1;AF=0.009091;AN=110;DP=935;FS=0;MLEAC=1;MLEAF=0.009091;MQ=60;QD=34.92;SOR=0.874;ANN=A	stop_gained	HIGH	CDC25	YLR310C	c.3949G>T	p.Glu1317*
AC=1;AF=0.009091;AN=110;DP=931;FS=0;MLEAC=1;MLEAF=0.009091;MQ=60;QD=27.18;SOR=0.976;ANN=T	conservative_inframe_deletion	MODERATE	CDC25	YLR310C	c.3589_3612delGTCAACATTATGAGAACATTTTTG	p.Val1197_Leu1204del
AC=1;AF=0.009091;AN=110;DP=931;FS=0;MLEAC=1;MLEAF=0.009091;MQ=60;QD=30.07;SOR=1.329;ANN=T	missense_variant	MODERATE	CDC25	YLR310C	c.1357T>A	p.Tyr453Asn
AC=1;AF=0.009091;AN=110;DP=931;FS=0;MLEAC=1;MLEAF=0.009091;MQ=60;QD=29.53;SOR=1.329;ANN=T	stop_gained	HIGH	CDC25	YLR310C	c.1353T>A	p.Tyr451*
AC=1;AF=0.009091;AN=110;DP=929;FS=0;MLEAC=1;MLEAF=0.009091;MQ=60;QD=31.23;SOR=1.061;ANN=A	missense_variant	MODERATE	CDC25	YLR310C	c.1210A>T	p.Asn404Tyr
AC=1;AF=0.009091;AN=110;DP=929;FS=0;MLEAC=1;MLEAF=0.009091;MQ=60;QD=31.65;SOR=1.061;ANN=T	missense_variant	MODERATE	CDC25	YLR310C	c.1209T>A	p.Asn403Lys
AC=1;AF=0.009091;AN=110;DP=929;FS=0;MLEAC=1;MLEAF=0.009091;MQ=60;QD=33.74;SOR=1.061;ANN=T	frameshift_variant	HIGH	CDC25	YLR310C	c.1203delT	p.Asp401fs
AC=1;AF=0.009091;AN=110;DP=933;FS=0;MLEAC=1;MLEAF=0.009091;MQ=60;QD=30.49;SOR=1.292;ANN=GT	frameshift_variant	HIGH	CDC25	YLR310C	c.1152dupA	p.Gln385fs
AC=1;AF=0.009091;AN=110;DP=939;FS=0;MLEAC=1;MLEAF=0.009091;MQ=60;QD=31.8;SOR=1.402;ANN=T	missense_variant	MODERATE	CDC25	YLR310C	c.1139T>A	p.Leu380His
AC=1;AF=0.009091;AN=110;DP=938;FS=0;MLEAC=1;MLEAF=0.009091;MQ=60;QD=27.96;SOR=1.402;ANN=G	frameshift_variant	HIGH	CDC25	YLR310C	c.1136delG	p.Ser379fs
AC=1;AF=0.009091;AN=110;DP=947;FS=0;MLEAC=1;MLEAF=0.009091;MQ=60;QD=32.64;SOR=0.756;ANN=T	frameshift_variant	HIGH	CDC25	YLR310C	c.1065delG	p.Arg356fs
AC=1;AF=0.009091;AN=110;DP=936;FS=0;MLEAC=1;MLEAF=0.009091;MQ=60;QD=33.69;SOR=1.609;ANN=G	frameshift_variant	HIGH	CDC25	YLR310C	c.444delG	p.Arg148fs
AC=1;AF=0.009091;AN=110;DP=849;FS=0;MLEAC=1;MLEAF=0.009091;MQ=60;QD=32.72;SOR=0.902;ANN=G	missense_variant	MODERATE	REC102	YLR329W	c.656T>G	p.Val219Gly
AC=1;AF=0.009091;AN=110;DP=924;FS=0;MLEAC=1;MLEAF=0.009091;MQ=60;QD=29.03;SOR=1.609;ANN=A	missense_variant	MODERATE	VRP1	YLR337C	c.413C>T	p.Ala138Val
AC=1;AF=0.009091;AN=110;DP=929;FS=0;MLEAC=1;MLEAF=0.009091;MQ=60;QD=29.18;SOR=0.859;ANN=C	frameshift_variant	HIGH	SPO77	YLR341W	c.404delA	p.Asn135fs
AC=1;AF=0.009091;AN=110;DP=848;FS=0;MLEAC=1;MLEAF=0.009091;MQ=60;QD=33.18;SOR=0.76;ANN=T	synonymous_variant	LOW	MDM30	YLR368W	c.501C>T	p.Tyr167Tyr
AC=1;AF=0.009091;AN=110;DP=839;FS=0;MLEAC=1;MLEAF=0.009091;MQ=60;QD=32.38;SOR=1.23;ANN=T	missense_variant	MODERATE	SSQ1	YLR369W	c.455C>T	p.Pro152Leu
AC=1;AF=0.009091;AN=110;DP=840;FS=0;MLEAC=1;MLEAF=0.009091;MQ=60;QD=32.72;SOR=1.179;ANN=A	stop_gained	HIGH	YLR372W	YLR372W	c.921C>A	p.Tyr307*
AC=1;AF=0.009091;AN=110;DP=836;FS=0;MLEAC=1;MLEAF=0.009091;MQ=60;QD=29.54;SOR=1.127;ANN=A	synonymous_variant	LOW	VID22	YLR373C	c.339C>T	p.Ser113Ser
AC=1;AF=0.009091;AN=110;DP=850;FS=0;MLEAC=1;MLEAF=0.009091;MQ=60;QD=34.81;SOR=0.77;ANN=A	synonymous_variant	LOW	STP3	YLR375W	c.285T>A	p.Ala95Ala
AC=1;AF=0.009091;AN=110;DP=853;FS=0;MLEAC=1;MLEAF=0.009091;MQ=60;QD=35.9;SOR=1.085;ANN=T	stop_gained	HIGH	SFP1	YLR403W	c.970C>T	p.Gln324*
AC=1;AF=0.009091;AN=110;DP=858;FS=0;MLEAC=1;MLEAF=0.009091;MQ=60;QD=29.86;SOR=1.981;ANN=T	missense_variant	MODERATE	SFP1	YLR403W	c.1867C>T	p.His623Tyr
AC=1;AF=0.009091;AN=110;DP=857;FS=0;MLEAC=1;MLEAF=0.009091;MQ=60;QD=33.74;SOR=1.022;ANN=A	missense_variant	MODERATE	SFP1	YLR403W	c.1897G>A	p.Asp633Asn
AC=1;AF=0.009091;AN=110;DP=871;FS=0;MLEAC=1;MLEAF=0.009091;MQ=60;QD=33.21;SOR=1.143;ANN=G	frameshift_variant	HIGH	SFP1	YLR403W	c.2038delC	p.His680fs
AC=1;AF=0.009091;AN=110;DP=869;FS=0;MLEAC=1;MLEAF=0.009091;MQ=60;QD=34.88;SOR=0.756;ANN=T	synonymous_variant	LOW	DUS4	YLR405W	c.631C>T	p.Leu211Leu
AC=1;AF=0.009091;AN=110;DP=885;FS=0;MLEAC=1;MLEAF=0.009091;MQ=60;QD=34.45;SOR=2.554;ANN=C	synonymous_variant	LOW	UTP21	YLR409C	c.606A>G	p.Ser202Ser
AC=1;AF=0.009091;AN=110;DP=444;FS=0;MLEAC=1;MLEAF=0.009091;MQ=60;QD=28.47;SOR=1.382;ANN=C	synonymous_variant	LOW	TUS1	YLR425W	c.1447T>C	p.Leu483Leu
AC=1;AF=0.009091;AN=110;DP=1068;FS=0;MLEAC=1;MLEAF=0.009091;MQ=60;QD=30.36;SOR=1.061;ANN=TC	frameshift_variant	HIGH	PHO84	YML123C	c.1240dupG	p.Asp414fs
AC=1;AF=0.009091;AN=110;DP=1068;FS=0;MLEAC=1;MLEAF=0.009091;MQ=60;QD=30.36;SOR=1.061;ANN=TC	frameshift_variant	HIGH	PHO84	YML123C	c.1240dupG	p.Asp414fs
AC=2;AF=0.018;AN=110;DP=1059;FS=0;MLEAC=2;MLEAF=0.018;MQ=60;QD=33.99;SOR=0.836;ANN=T	stop_gained	HIGH	PHO84	YML123C	c.690C>A	p.Tyr230*
AC=2;AF=0.018;AN=110;DP=1061;FS=0;MLEAC=2;MLEAF=0.018;MQ=60;QD=34.28;SOR=1.234;ANN=T	stop_gained	HIGH	PHO84	YML123C	c.623G>A	p.Trp208*
AC=2;AF=0.018;AN=110;DP=1061;FS=0;MLEAC=2;MLEAF=0.018;MQ=60;QD=34.28;SOR=1.234;ANN=T	stop_gained	HIGH	PHO84	YML123C	c.623G>A	p.Trp208*
AC=1;AF=0.009091;AN=110;BaseQRankSum=0.645;DP=1038;FS=0;MLEAC=1;MLEAF=0.009091;MQ=60;MQRankSum=0;QD=30.62;ReadPosRankSum=1.16;SOR=0.387;ANN=C	frameshift_variant	HIGH	PHO84	YML123C	c.567delT	p.Phe189fs
AC=1;AF=0.009091;AN=110;DP=1053;FS=0;MLEAC=1;MLEAF=0.009091;MQ=60;QD=28.13;SOR=0.914;ANN=G	frameshift_variant	HIGH	PHO84	YML123C	c.331delA	p.Thr111fs
AC=1;AF=0.009091;AN=110;DP=1282;FS=0;MLEAC=1;MLEAF=0.009091;MQ=60;QD=30.69;SOR=1.044;ANN=A	synonymous_variant	LOW	TAF8	YML114C	c.771G>T	p.Ala257Ala
AC=1;AF=0.009091;AN=110;DP=1581;FS=0;MLEAC=1;MLEAF=0.009091;MQ=60;QD=31.85;SOR=0.693;ANN=A	missense_variant	MODERATE	BUL2	YML111W	c.1524T>A	p.Asn508Lys
AC=1;AF=0.009091;AN=110;DP=2469;FS=0;MLEAC=1;MLEAF=0.009091;MQ=60;QD=25.41;SOR=0.859;ANN=T	synonymous_variant	LOW	ZDS2	YML109W	c.1407C>T	p.Asn469Asn
AC=1;AF=0.009091;AN=110;DP=864;FS=0;MLEAC=1;MLEAF=0.009091;MQ=60;QD=33.07;SOR=0.756;ANN=T	missense_variant	MODERATE	WAR1	YML076C	c.2532G>A	p.Met844Ile
AC=1;AF=0.009091;AN=110;DP=860;FS=0;MLEAC=1;MLEAF=0.009091;MQ=60;QD=36.09;SOR=2.67;ANN=T	missense_variant	MODERATE	WAR1	YML076C	c.679C>A	p.Pro227Thr
AC=4;AF=0.036;AN=110;BaseQRankSum=0.894;DP=523;FS=0;MLEAC=4;MLEAF=0.036;MQ=60;MQRankSum=0;QD=32.05;ReadPosRankSum=1.03;SOR=0.582;ANN=A	synonymous_variant	LOW	RSE1	YML049C	c.1812C>T	p.Thr604Thr
AC=4;AF=0.036;AN=110;BaseQRankSum=0.894;DP=523;FS=0;MLEAC=4;MLEAF=0.036;MQ=60;MQRankSum=0;QD=32.05;ReadPosRankSum=1.03;SOR=0.582;ANN=A	synonymous_variant	LOW	RSE1	YML049C	c.1812C>T	p.Thr604Thr
AC=4;AF=0.036;AN=110;BaseQRankSum=0.894;DP=523;FS=0;MLEAC=4;MLEAF=0.036;MQ=60;MQRankSum=0;QD=32.05;ReadPosRankSum=1.03;SOR=0.582;ANN=A	synonymous_variant	LOW	RSE1	YML049C	c.1812C>T	p.Thr604Thr
AC=4;AF=0.036;AN=110;BaseQRankSum=0.894;DP=523;FS=0;MLEAC=4;MLEAF=0.036;MQ=60;MQRankSum=0;QD=32.05;ReadPosRankSum=1.03;SOR=0.582;ANN=A	synonymous_variant	LOW	RSE1	YML049C	c.1812C>T	p.Thr604Thr
AC=1;AF=0.009091;AN=110;DP=939;FS=0;MLEAC=1;MLEAF=0.009091;MQ=60;QD=33.65;SOR=1.214;ANN=T	missense_variant	MODERATE	USA1	YML029W	c.615G>T	p.Gln205His
AC=1;AF=0.009091;AN=110;BaseQRankSum=1.65;DP=1167;FS=1.737;MLEAC=1;MLEAF=0.009091;MQ=60;MQRankSum=0;QD=25.39;ReadPosRankSum=1.65;SOR=0.846;ANN=C	upstream_gene_variant	MODIFIER	YML018C	YML018C	c.-701delA	
AC=1;AF=0.009091;AN=110;DP=917;FS=0;MLEAC=1;MLEAF=0.009091;MQ=60;QD=34.75;SOR=1.022;ANN=C	missense_variant	MODERATE	PLB2	YMR006C	c.1092C>G	p.Asn364Lys
AC=1;AF=0.009091;AN=110;BaseQRankSum=1.87;DP=1077;FS=1.808;MLEAC=1;MLEAF=0.009091;MQ=60;MQRankSum=0;QD=17.82;ReadPosRankSum=0.469;SOR=0.375;ANN=T	stop_gained	HIGH	SPO20	YMR017W	c.991C>T	p.Gln331*
AC=1;AF=0.009091;AN=110;DP=443;FS=0;MLEAC=1;MLEAF=0.009091;MQ=60;QD=31.95;SOR=0.963;ANN=A	missense_variant	MODERATE	IOC4	YMR044W	c.928C>A	p.Pro310Thr
AC=1;AF=0.009091;AN=110;DP=897;FS=0;MLEAC=1;MLEAF=0.009091;MQ=60;QD=32.13;SOR=1.981;ANN=C	synonymous_variant	LOW	CSM3	YMR048W	c.102T>C	p.Asp34Asp
AC=1;AF=0.009091;AN=110;DP=901;FS=0;MLEAC=1;MLEAF=0.009091;MQ=60;QD=32.48;SOR=1.179;ANN=T	missense_variant	MODERATE	ERB1	YMR049C	c.859C>A	p.Arg287Ser
AC=1;AF=0.009091;AN=110;DP=1051;FS=0;MLEAC=1;MLEAF=0.009091;MQ=60;QD=30.97;SOR=1.426;ANN=A	missense_variant	MODERATE	RCO1	YMR075W	c.743G>A	p.Arg248Lys
AC=1;AF=0.009091;AN=110;DP=1201;FS=0;MLEAC=1;MLEAF=0.009091;MQ=60;QD=31.69;SOR=1.112;ANN=G	synonymous_variant	LOW	VBA1	YMR088C	c.1677T>C	p.Ser559Ser
AC=1;AF=0.009091;AN=110;DP=907;FS=0;MLEAC=1;MLEAF=0.009091;MQ=60;QD=34.82;SOR=0.846;ANN=A	missense_variant	MODERATE	ILV2	YMR108W	c.8G>A	p.Arg3Lys
AC=1;AF=0.009091;AN=110;DP=1737;FS=0;MLEAC=1;MLEAF=0.009091;MQ=60;QD=31.68;SOR=0.749;ANN=T	synonymous_variant	LOW	RRB1	YMR131C	c.1440G>A	p.Lys480Lys
AC=1;AF=0.009091;AN=110;DP=2346;FS=0;MLEAC=1;MLEAF=0.009091;MQ=60;QD=34.17;SOR=1.292;ANN=A	missense_variant	MODERATE	RIM11	YMR139W	c.1042G>A	p.Val348Ile
AC=1;AF=0.009091;AN=110;DP=2140;FS=0;MLEAC=1;MLEAF=0.009091;MQ=60;QD=34.8;SOR=1.981;ANN=A	frameshift_variant	HIGH	INP2	YMR163C	c.1215delA	p.Lys405fs
AC=1;AF=0.009091;AN=110;DP=972;FS=0;MLEAC=1;MLEAF=0.009091;MQ=57.68;QD=31.12;SOR=1.802;ANN=G	missense_variant	MODERATE	DDR48	YMR173W	c.700A>G	p.Asn234Asp
AC=1;AF=0.009091;AN=110;DP=1041;FS=0;MLEAC=1;MLEAF=0.009091;MQ=60;QD=29.6;SOR=0.874;ANN=T	frameshift_variant	HIGH	EFR3	YMR212C	c.465delT	p.Phe155fs
AC=1;AF=0.009091;AN=110;BaseQRankSum=-0.674;DP=1181;FS=2.522;MLEAC=1;MLEAF=0.009091;MQ=60;MQRankSum=0;QD=19.71;ReadPosRankSum=0.857;SOR=0.877;ANN=G	upstream_gene_variant	MODIFIER	RRP5	YMR229C	c.-1403A>C	
AC=1;AF=0.009091;AN=110;DP=929;FS=0;MLEAC=1;MLEAF=0.009091;MQ=60;QD=28.22;SOR=0.741;ANN=T	synonymous_variant	LOW	PET111	YMR257C	c.2046G>A	p.Ala682Ala
AC=1;AF=0.009091;AN=110;DP=929;FS=0;MLEAC=1;MLEAF=0.009091;MQ=60;QD=34.79;SOR=0.922;ANN=G	missense_variant	MODERATE	TPS3	YMR261C	c.1336G>C	p.Asp446His
AC=1;AF=0.009091;AN=110;DP=1061;FS=0;MLEAC=1;MLEAF=0.009091;MQ=60;QD=34.71;SOR=0.859;ANN=T	stop_gained	HIGH	RCE1	YMR274C	c.651C>A	p.Cys217*
AC=1;AF=0.009091;AN=110;DP=1058;FS=0;MLEAC=1;MLEAF=0.009091;MQ=60;QD=32.75;SOR=2.448;ANN=A	missense_variant	MODERATE	BUL1	YMR275C	c.915G>T	p.Met305Ile
AC=1;AF=0.009091;AN=110;DP=1085;FS=0;MLEAC=1;MLEAF=0.009091;MQ=60;QD=31.74;SOR=0.976;ANN=T	missense_variant	MODERATE	PRC1	YMR297W	c.604A>T	p.Ile202Phe
AC=1;AF=0.009091;AN=110;BaseQRankSum=-1.527;DP=1172;FS=10.055;MLEAC=1;MLEAF=0.009091;MQ=60;MQRankSum=0;QD=14.84;ReadPosRankSum=-0.85;SOR=2.056;ANN=A	synonymous_variant	LOW	FKS3	YMR306W	c.1491G>A	p.Leu497Leu
AC=1;AF=0.009091;AN=110;DP=2076;FS=0;MLEAC=1;MLEAF=0.009091;MQ=60;QD=34.72;SOR=0.997;ANN=G	missense_variant	MODERATE	FET4	YMR319C	c.1628G>C	p.Arg543Pro
AC=1;AF=0.009091;AN=110;DP=2377;FS=0;MLEAC=1;MLEAF=0.009091;MQ=60;QD=27.75;SOR=1.473;ANN=T	frameshift_variant	HIGH	FET4	YMR319C	c.303delT	p.Phe101fs
AC=1;AF=0.009091;AN=110;DP=505;FS=0;MLEAC=1;MLEAF=0.009091;MQ=60;QD=30.97;SOR=1.358;ANN=T	missense_variant	MODERATE	FIG4	YNL325C	c.2042G>A	p.Arg681Lys
AC=1;AF=0.009091;AN=110;DP=1177;FS=0;MLEAC=1;MLEAF=0.009091;MQ=60;QD=33.18;SOR=1.071;ANN=T	synonymous_variant	LOW	MCK1	YNL307C	c.102G>A	p.Leu34Leu
AC=1;AF=0.009091;AN=110;DP=1080;FS=0;MLEAC=1;MLEAF=0.009091;MQ=60;QD=30.82;SOR=0.784;ANN=T	conservative_inframe_deletion	MODERATE	RIM21	YNL294C	c.412_423delTTAGCCTCGTTG	p.Leu138_Leu141del
AC=1;AF=0.009091;AN=110;DP=929;FS=0;MLEAC=1;MLEAF=0.009091;MQ=60;QD=28.3;SOR=1.022;ANN=C	missense_variant	MODERATE	BNI1	YNL271C	c.2411C>G	p.Thr804Ser
AC=1;AF=0.009091;AN=110;DP=1042;FS=0;MLEAC=1;MLEAF=0.009091;MQ=60;QD=34.38;SOR=1.402;ANN=C	missense_variant	MODERATE	MPA43	YNL249C	c.200A>G	p.Gln67Arg
AC=1;AF=0.009091;AN=110;BaseQRankSum=-0.657;DP=2188;FS=0;MLEAC=1;MLEAF=0.009091;MQ=60;MQRankSum=0;QD=30.42;ReadPosRankSum=1.51;SOR=0.527;ANN=G	synonymous_variant	LOW	ATG2	YNL242W	c.3966A>G	p.Leu1322Leu
AC=1;AF=0.009091;AN=110;DP=1080;FS=0;MLEAC=1;MLEAF=0.009091;MQ=60;QD=26.69;SOR=1.839;ANN=A	stop_gained	HIGH	NAR1	YNL240C	c.868C>T	p.Arg290*
AC=1;AF=0.009091;AN=110;DP=1024;FS=0;MLEAC=1;MLEAF=0.009091;MQ=60;QD=34.68;SOR=1.085;ANN=T	missense_variant	MODERATE	BNI4	YNL233W	c.2512A>T	p.Ile838Leu
AC=1;AF=0.009091;AN=110;DP=935;FS=0;MLEAC=1;MLEAF=0.009091;MQ=60;QD=29.35;SOR=0.693;ANN=A	synonymous_variant	LOW	IPI3	YNL182C	c.312C>T	p.Asp104Asp
AC=1;AF=0.009091;AN=110;DP=916;FS=0;MLEAC=1;MLEAF=0.009091;MQ=60;QD=31.31;SOR=1.402;ANN=A	stop_gained	HIGH	FYV6	YNL133C	c.115C>T	p.Gln39*
AC=1;AF=0.009091;AN=110;DP=898;FS=0;MLEAC=1;MLEAF=0.009091;MQ=60;QD=31.4;SOR=1.292;ANN=G	missense_variant	MODERATE	MLS1	YNL117W	c.803A>G	p.Gln268Arg
AC=1;AF=0.009091;AN=110;DP=2144;FS=0;MLEAC=1;MLEAF=0.009091;MQ=60;QD=30.52;SOR=2.179;ANN=A	synonymous_variant	LOW	PHO23	YNL097C	c.387A>T	p.Pro129Pro
AC=1;AF=0.009091;AN=110;DP=1123;FS=0;MLEAC=1;MLEAF=0.009091;MQ=60;QD=30.63;SOR=0.693;ANN=A	missense_variant	MODERATE	TOP 2.00	YNL088W	c.3716G>A	p.Ser1239Asn
AC=1;AF=0.009091;AN=110;DP=1424;FS=0;MLEAC=1;MLEAF=0.009091;MQ=60;QD=34.1;SOR=0.693;ANN=A	missense_variant	MODERATE	MKT1	YNL085W	c.2372G>A	p.Arg791Lys
AC=1;AF=0.009091;AN=110;DP=1560;FS=0;MLEAC=1;MLEAF=0.009091;MQ=60;QD=31.74;SOR=0.693;ANN=C	synonymous_variant	LOW	SWS2	YNL081C	c.219A>G	p.Ala73Ala
AC=1;AF=0.009091;AN=110;DP=1286;FS=0;MLEAC=1;MLEAF=0.009091;MQ=60;QD=29.82;SOR=1.112;ANN=A	synonymous_variant	LOW	MLF 3.00	YNL074C	c.405A>T	p.Ser135Ser
AC=1;AF=0.009091;AN=110;BaseQRankSum=-0.723;DP=365;FS=0;MLEAC=1;MLEAF=0.009091;MQ=60;MQRankSum=0;QD=10.1;ReadPosRankSum=-0.451;SOR=0.892;ANN=T	missense_variant	MODERATE	IDH1	YNL037C	c.188T>A	p.Ile63Lys
AC=1;AF=0.009091;AN=110;DP=386;FS=0;MLEAC=1;MLEAF=0.009091;MQ=60;QD=30.75;SOR=0.793;ANN=T	stop_gained	HIGH	SIW14	YNL032W	c.208C>T	p.Arg70*
AC=1;AF=0.009091;AN=110;DP=382;FS=0;MLEAC=1;MLEAF=0.009091;MQ=60;QD=31.27;SOR=1.244;ANN=GT	frameshift_variant	HIGH	SIW14	YNL032W	c.428dupT	p.Leu143fs
AC=1;AF=0.009091;AN=110;DP=383;FS=0;MLEAC=1;MLEAF=0.009091;MQ=60;QD=28.53;SOR=1.371;ANN=C	missense_variant	MODERATE	SIW14	YNL032W	c.431A>C	p.His144Pro
AC=1;AF=0.009091;AN=110;DP=393;FS=0;MLEAC=1;MLEAF=0.009091;MQ=60;QD=34.89;SOR=1.609;ANN=A	stop_gained	HIGH	SIW14	YNL032W	c.503T>A	p.Leu168*
AC=1;AF=0.009091;AN=110;DP=396;FS=0;MLEAC=1;MLEAF=0.009091;MQ=60;QD=32.8;SOR=0.836;ANN=A	missense_variant	MODERATE	SIW14	YNL032W	c.662C>A	p.Thr221Lys
AC=1;AF=0.009091;AN=110;DP=391;FS=0;MLEAC=1;MLEAF=0.009091;MQ=60;QD=33.74;SOR=0.99;ANN=A	missense_variant	MODERATE	SIW14	YNL032W	c.724G>A	p.Glu242Lys
AC=2;AF=0.018;AN=110;DP=403;FS=0;MLEAC=2;MLEAF=0.018;MQ=60;QD=26.69;SOR=0.693;ANN=T	frameshift_variant&stop_lost&splice_region_variant	HIGH	HHF2	YNL030W	c.302_*4delTCGGTGGTTAAACAA	p.Phe101fs
AC=2;AF=0.018;AN=110;DP=403;FS=0;MLEAC=2;MLEAF=0.018;MQ=60;QD=26.69;SOR=0.693;ANN=T	frameshift_variant&stop_lost&splice_region_variant	HIGH	HHF2	YNL030W	c.302_*4delTCGGTGGTTAAACAA	p.Phe101fs
AC=1;AF=0.009091;AN=110;DP=694;FS=0;MLEAC=1;MLEAF=0.009091;MQ=60;QD=28.43;SOR=0.804;ANN=A	synonymous_variant	LOW	PRP2	YNR011C	c.2379C>T	p.Thr793Thr
AC=2;AF=0.018;AN=110;BaseQRankSum=1.69;DP=745;FS=3.372;MLEAC=2;MLEAF=0.018;MQ=60;MQRankSum=0;QD=30.11;ReadPosRankSum=-1.346;SOR=0.549;ANN=A	missense_variant	MODERATE	ACC1	YNR016C	c.947G>T	p.Gly316Val
AC=2;AF=0.018;AN=110;BaseQRankSum=1.69;DP=745;FS=3.372;MLEAC=2;MLEAF=0.018;MQ=60;MQRankSum=0;QD=30.11;ReadPosRankSum=-1.346;SOR=0.549;ANN=A	missense_variant	MODERATE	ACC1	YNR016C	c.947G>T	p.Gly316Val
AC=1;AF=0.009091;AN=110;DP=919;FS=0;MLEAC=1;MLEAF=0.009091;MQ=60;QD=33.78;SOR=2.468;ANN=A	stop_gained	HIGH	SSK2	YNR031C	c.3475G>T	p.Glu1159*
AC=1;AF=0.009091;AN=110;DP=2349;FS=0;MLEAC=1;MLEAF=0.009091;MQ=60;QD=30.21;SOR=1.085;ANN=T	missense_variant	MODERATE	DSE4	YNR067C	c.2036G>A	p.Gly679Asp
AC=1;AF=0.009091;AN=110;DP=564;FS=0;MLEAC=1;MLEAF=0.009091;MQ=60;QD=32.32;SOR=1.04;ANN=T	missense_variant	MODERATE	BDS1	YOL164W	c.1025C>T	p.Thr342Ile
AC=1;AF=0.009091;AN=110;DP=1087;FS=0;MLEAC=1;MLEAF=0.009091;MQ=60;QD=32.42;SOR=0.957;ANN=G	synonymous_variant	LOW	GAS4	YOL132W	c.870A>G	p.Ser290Ser
AC=1;AF=0.009091;AN=110;DP=955;FS=0;MLEAC=1;MLEAF=0.009091;MQ=60;QD=33.81;SOR=1.292;ANN=T	missense_variant	MODERATE	MDH2	YOL126C	c.920G>A	p.Gly307Glu
AC=1;AF=0.009091;AN=110;BaseQRankSum=0.575;DP=942;FS=0;MLEAC=1;MLEAF=0.009091;MQ=60;MQRankSum=0;QD=21.97;ReadPosRankSum=0.171;SOR=0.693;ANN=C	missense_variant	MODERATE	SMF1	YOL122C	c.74A>G	p.Glu25Gly
AC=1;AF=0.009091;AN=110;DP=403;FS=0;MLEAC=1;MLEAF=0.009091;MQ=60;QD=33.7;SOR=1.402;ANN=G	missense_variant	MODERATE	PHM7	YOL084W	c.155A>G	p.Glu52Gly
AC=2;AF=0.018;AN=110;DP=824;FS=0;MLEAC=2;MLEAF=0.018;MQ=60;QD=33.35;SOR=0.693;ANN=G	frameshift_variant	HIGH	MAM3	YOL060C	c.1720delA	p.Thr574fs
AC=2;AF=0.018;AN=110;DP=824;FS=0;MLEAC=2;MLEAF=0.018;MQ=60;QD=33.35;SOR=0.693;ANN=G	frameshift_variant	HIGH	MAM3	YOL060C	c.1720delA	p.Thr574fs
AC=1;AF=0.009091;AN=110;DP=822;FS=0;MLEAC=1;MLEAF=0.009091;MQ=60;QD=33.22;SOR=0.793;ANN=G	frameshift_variant	HIGH	MAM3	YOL060C	c.1209delG	p.Leu405fs
AC=1;AF=0.009091;AN=110;DP=821;FS=0;MLEAC=1;MLEAF=0.009091;MQ=60;QD=31.63;SOR=0.914;ANN=A	stop_gained	HIGH	MAM3	YOL060C	c.1072G>T	p.Glu358*
AC=1;AF=0.009091;AN=110;DP=823;FS=0;MLEAC=1;MLEAF=0.009091;MQ=60;QD=32.95;SOR=0.836;ANN=G	missense_variant	MODERATE	MAM3	YOL060C	c.796T>C	p.Phe266Leu
AC=1;AF=0.009091;AN=110;DP=836;FS=0;MLEAC=1;MLEAF=0.009091;MQ=60;QD=31.97;SOR=1.101;ANN=C	missense_variant	MODERATE	MAM3	YOL060C	c.218T>G	p.Leu73Arg
AC=1;AF=0.009091;AN=110;DP=719;FS=0;MLEAC=1;MLEAF=0.009091;MQ=60;QD=32.53;SOR=0.693;ANN=C	missense_variant	MODERATE	RPS15	YOL040C	c.200C>G	p.Ala67Gly
AC=1;AF=0.009091;AN=110;DP=667;FS=0;MLEAC=1;MLEAF=0.009091;MQ=60;QD=27.21;SOR=0.836;ANN=G	missense_variant	MODERATE	TOP 1.00	YOL006C	c.97G>C	p.Ala33Pro
AC=1;AF=0.009091;AN=110;DP=713;FS=0;MLEAC=1;MLEAF=0.009091;MQ=60;QD=30.45;SOR=0.88;ANN=C	synonymous_variant	LOW	RRP6	YOR001W	c.201T>C	p.Phe67Phe
AC=1;AF=0.009091;AN=110;DP=1294;FS=0;MLEAC=1;MLEAF=0.009091;MQ=60;QD=32.21;SOR=1.27;ANN=A	missense_variant	MODERATE	PET127	YOR017W	c.440G>A	p.Ser147Asn
AC=1;AF=0.009091;AN=110;BaseQRankSum=-0.628;DP=821;FS=4.31;MLEAC=1;MLEAF=0.009091;MQ=60;MQRankSum=0;QD=8.88;ReadPosRankSum=-1.375;SOR=0.595;ANN=A	missense_variant	MODERATE	PEP12	YOR036W	c.346G>A	p.Val116Met
AC=1;AF=0.009091;AN=110;BaseQRankSum=0.322;DP=825;FS=0;MLEAC=1;MLEAF=0.009091;MQ=60;MQRankSum=0;QD=19.8;ReadPosRankSum=-0.027;SOR=0.776;ANN=C	missense_variant	MODERATE	HIR2	YOR038C	c.1616T>G	p.Val539Gly
AC=1;AF=0.009091;AN=110;BaseQRankSum=-0.851;DP=675;FS=3.154;MLEAC=1;MLEAF=0.009091;MQ=60;MQRankSum=0;QD=8.54;ReadPosRankSum=1.41;SOR=0.257;ANN=A	synonymous_variant	LOW	TGL5	YOR081C	c.906C>T	p.Ile302Ile
AC=1;AF=0.009091;AN=110;DP=839;FS=0;MLEAC=1;MLEAF=0.009091;MQ=60;QD=33.42;SOR=0.693;ANN=A	missense_variant	MODERATE	RPT5	YOR117W	c.1177G>A	p.Ala393Thr
AC=1;AF=0.009091;AN=110;DP=399;FS=0;MLEAC=1;MLEAF=0.009091;MQ=60;QD=31.18;SOR=1.179;ANN=G	missense_variant	MODERATE	SWT1	YOR166C	c.326T>C	p.Val109Ala
AC=1;AF=0.009091;AN=110;DP=438;FS=0;MLEAC=1;MLEAF=0.009091;MQ=60;QD=29.47;SOR=0.941;ANN=C	missense_variant	MODERATE	ULS1	YOR191W	c.2605G>C	p.Val869Leu
AC=1;AF=0.009091;AN=110;DP=883;FS=0;MLEAC=1;MLEAF=0.009091;MQ=60;QD=30.63;SOR=1.051;ANN=A	synonymous_variant	LOW	MCT1	YOR221C	c.897C>T	p.Phe299Phe
AC=1;AF=0.009091;AN=110;DP=569;FS=0;MLEAC=1;MLEAF=0.009091;MQ=60;QD=26.33;SOR=1.244;ANN=C	frameshift_variant	HIGH	ABP140	YOR239W	c.674delA	p.Asn225fs
AC=1;AF=0.009091;AN=110;DP=563;FS=0;MLEAC=1;MLEAF=0.009091;MQ=60;QD=33.42;SOR=1.302;ANN=G	synonymous_variant	LOW	FSF1	YOR271C	c.486T>C	p.Gly162Gly
AC=1;AF=0.009091;AN=110;DP=1043;FS=0;MLEAC=1;MLEAF=0.009091;MQ=60;QD=31.22;SOR=0.746;ANN=G	synonymous_variant	LOW	CPA1	YOR303W	c.21A>G	p.Lys7Lys
AC=1;AF=0.009091;AN=110;DP=905;FS=0;MLEAC=1;MLEAF=0.009091;MQ=60;QD=32.66;SOR=0.804;ANN=T	missense_variant	MODERATE	MYO2	YOR326W	c.3529G>T	p.Gly1177Cys
AC=1;AF=0.009091;AN=110;DP=899;FS=0;MLEAC=1;MLEAF=0.009091;MQ=60;QD=28.71;SOR=1.244;ANN=A	missense_variant	MODERATE	PDR10	YOR328W	c.704T>A	p.Ile235Asn
AC=1;AF=0.009091;AN=110;DP=901;FS=0;MLEAC=1;MLEAF=0.009091;MQ=60;QD=32.79;SOR=0.818;ANN=A	stop_gained	HIGH	PDR10	YOR328W	c.2427T>A	p.Tyr809*
AC=1;AF=0.009091;AN=110;DP=838;FS=0;MLEAC=1;MLEAF=0.009091;MQ=60;QD=32.28;SOR=0.693;ANN=G	stop_gained	HIGH	KRE5	YOR336W	c.2846C>G	p.Ser949*
AC=1;AF=0.009091;AN=110;DP=1628;FS=0;MLEAC=1;MLEAF=0.009091;MQ=60;QD=34.27;SOR=1.244;ANN=A	synonymous_variant	LOW	PYK2	YOR347C	c.766C>T	p.Leu256Leu
AC=1;AF=0.009091;AN=110;DP=917;FS=0;MLEAC=1;MLEAF=0.009091;MQ=60;QD=34.17;SOR=0.793;ANN=C	missense_variant	MODERATE	MSC6	YOR354C	c.1524T>G	p.Asn508Lys
AC=1;AF=0.009091;AN=110;DP=923;FS=0;MLEAC=1;MLEAF=0.009091;MQ=60;QD=29.35;SOR=1.432;ANN=T	missense_variant	MODERATE	RAD17	YOR368W	c.531G>T	p.Glu177Asp
AC=1;AF=0.009091;AN=110;DP=982;FS=0;MLEAC=1;MLEAF=0.009091;MQ=60;QD=31.58;SOR=0.892;ANN=C	synonymous_variant	LOW	GPB1	YOR371C	c.222A>G	p.Lys74Lys
AC=1;AF=0.009091;AN=110;BaseQRankSum=2.98;DP=501;FS=7.638;MLEAC=1;MLEAF=0.009091;MQ=60;MQRankSum=0;QD=16.3;ReadPosRankSum=1.36;SOR=2.527;ANN=A	missense_variant	MODERATE	PHR1	YOR386W	c.1586T>A	p.Val529Asp
AC=1;AF=0.009091;AN=110;DP=435;FS=0;MLEAC=1;MLEAF=0.009091;MQ=60;QD=32.16;SOR=1.112;ANN=T	missense_variant	MODERATE	MDL 2.00	YPL270W	c.194G>T	p.Arg65Ile
AC=1;AF=0.009091;AN=110;DP=838;FS=0;MLEAC=1;MLEAF=0.009091;MQ=60;QD=34.75;SOR=0.892;ANN=C	synonymous_variant	LOW	FAS2	YPL231W	c.2178T>C	p.Gly726Gly
AC=1;AF=0.009091;AN=110;BaseQRankSum=-3.44;DP=860;FS=0;MLEAC=1;MLEAF=0.009091;MQ=60;MQRankSum=0;QD=5.63;ReadPosRankSum=0.629;SOR=0.668;ANN=G	missense_variant	MODERATE	APL5	YPL195W	c.2603A>G	p.Glu868Gly
AC=1;AF=0.009091;AN=110;DP=857;FS=0;MLEAC=1;MLEAF=0.009091;MQ=60;QD=25;SOR=1.402;ANN=A	frameshift_variant	HIGH	TCO89	YPL180W	c.747delG	p.Asp251fs
AC=1;AF=0.009091;AN=110;DP=852;FS=0;MLEAC=1;MLEAF=0.009091;MQ=60;QD=28.85;SOR=1.445;ANN=C	frameshift_variant	HIGH	PPQ1	YPL179W	c.788delA	p.Lys263fs
AC=1;AF=0.009091;AN=110;DP=875;FS=0;MLEAC=1;MLEAF=0.009091;MQ=60;QD=34.56;SOR=1.292;ANN=C	missense_variant	MODERATE	PPQ1	YPL179W	c.821T>C	p.Leu274Pro
AC=1;AF=0.009091;AN=110;DP=1328;FS=0;MLEAC=1;MLEAF=0.009091;MQ=60;QD=30.62;SOR=0.963;ANN=G	missense_variant	MODERATE	NIP100	YPL174C	c.105A>C	p.Glu35Asp
AC=1;AF=0.009091;AN=110;DP=1045;FS=0;MLEAC=1;MLEAF=0.009091;MQ=60;QD=26.8;SOR=1.143;ANN=A	stop_gained	HIGH	MEX67	YPL169C	c.1792C>T	p.Gln598*
AC=1;AF=0.009091;AN=110;DP=790;FS=0;MLEAC=1;MLEAF=0.009091;MQ=60;QD=33.52;SOR=1.132;ANN=C	missense_variant	MODERATE	MLH3	YPL164C	c.421A>G	p.Ile141Val
AC=1;AF=0.009091;AN=110;DP=836;FS=0;MLEAC=1;MLEAF=0.009091;MQ=60;QD=26;SOR=1.075;ANN=A	synonymous_variant	LOW	ISU1	YPL135W	c.345G>A	p.Leu115Leu
AC=1;AF=0.009091;AN=110;DP=764;FS=0;MLEAC=1;MLEAF=0.009091;MQ=60;QD=31.98;SOR=1.302;ANN=C	missense_variant	MODERATE	RNY1	YPL123C	c.1037A>G	p.Asn346Ser
AC=1;AF=0.009091;AN=110;DP=766;FS=0;MLEAC=1;MLEAF=0.009091;MQ=60;QD=34.55;SOR=0.846;ANN=A	missense_variant	MODERATE	SSE1	YPL106C	c.1142C>T	p.Ala381Val
AC=1;AF=0.009091;AN=110;DP=924;FS=0;MLEAC=1;MLEAF=0.009091;MQ=60;QD=27.23;SOR=1.255;ANN=A	missense_variant	MODERATE	MOT1	YPL082C	c.4553C>T	p.Pro1518Leu
AC=1;AF=0.009091;AN=110;DP=949;FS=0;MLEAC=1;MLEAF=0.009091;MQ=60;QD=31.91;SOR=1.556;ANN=A	missense_variant	MODERATE	MNN9	YPL050C	c.610G>T	p.Asp204Tyr
AC=1;AF=0.009091;AN=110;DP=694;FS=0;MLEAC=1;MLEAF=0.009091;MQ=60;QD=31.31;SOR=1.528;ANN=A	frameshift_variant	HIGH	VTC3	YPL019C	c.1349delC	p.Ser450fs
AC=1;AF=0.009091;AN=110;DP=723;FS=0;MLEAC=1;MLEAF=0.009091;MQ=60;QD=31.45;SOR=1.179;ANN=C	missense_variant	MODERATE	RPA135	YPR010C	c.583A>G	p.Ile195Val
AC=1;AF=0.009091;AN=110;DP=579;FS=0;MLEAC=1;MLEAF=0.009091;MQ=60;QD=33.27;SOR=0.737;ANN=A	missense_variant	MODERATE	ATG11	YPR049C	c.2660G>T	p.Arg887Ile
AC=1;AF=0.009091;AN=110;DP=566;FS=0;MLEAC=1;MLEAF=0.009091;MQ=60;QD=31.26;SOR=0.804;ANN=A	missense_variant	MODERATE	SEC8	YPR055W	c.2758G>A	p.Ala920Thr
AC=1;AF=0.009091;AN=110;DP=465;FS=0;MLEAC=1;MLEAF=0.009091;MQ=60;QD=27.76;SOR=1.27;ANN=A	missense_variant	MODERATE	MRL1	YPR079W	c.365G>A	p.Cys122Tyr
AC=1;AF=0.009091;AN=110;DP=446;FS=0;MLEAC=1;MLEAF=0.009091;MQ=60;QD=27.69;SOR=0.693;ANN=C	frameshift_variant	HIGH	DBF20	YPR111W	c.567delA	p.Asp190fs
AC=1;AF=0.009091;AN=110;DP=395;FS=0;MLEAC=1;MLEAF=0.009091;MQ=60;QD=25.42;SOR=1.528;ANN=A	missense_variant	MODERATE	KAR3	YPR141C	c.1982A>T	p.His661Leu
AC=1;AF=0.009091;AN=110;DP=385;FS=0;MLEAC=1;MLEAF=0.009091;MQ=60;QD=34.12;SOR=0.793;ANN=C	missense_variant	MODERATE	ASN1	YPR145W	c.258A>C	p.Glu86Asp
AC=1;AF=0.009091;AN=110;DP=674;FS=0;MLEAC=1;MLEAF=0.009091;MQ=60;QD=28.76;SOR=0.793;ANN=A	missense_variant	MODERATE	GPH1	YPR160W	c.1578C>A	p.Phe526Leu
AC=1;AF=0.009091;AN=110;DP=971;FS=0;MLEAC=1;MLEAF=0.009091;MQ=60;QD=33.02;SOR=0.941;ANN=C	synonymous_variant	LOW	RHO1	YPR165W	c.315T>C	p.Ile105Ile