evo_line	GENE	CHROM	POS	REF	ALT	variant	effect	QUAL	INFO	gene_code	snp	aa_change	metal
MnBM14	CNE1	chrI	37834	C	T	missense_variant	MODERATE	389.29	AC=1;AF=0.009091;AN=110;DP=1296;FS=0;MLEAC=1;MLEAF=0.009091;MQ=60;QD=27.81;SOR=0.693;ANN=T	YAL058W	c.371C>T	p.Thr124Met	Mn
MnBM14	CNE1	chrI	38041	C	T	missense_variant	MODERATE	865.29	AC=1;AF=0.009091;AN=110;DP=1308;FS=0;MLEAC=1;MLEAF=0.009091;MQ=60;QD=34.61;SOR=0.941;ANN=T	YAL058W	c.578C>T	p.Ser193Leu	Mn
CoBM17	GPB2	chrI	40593	A	C	missense_variant	MODERATE	479.29	AC=1;AF=0.009091;AN=110;DP=1302;FS=0;MLEAC=1;MLEAF=0.009091;MQ=60;QD=34.23;SOR=1.329;ANN=C	YAL056W	c.1335A>C	p.Leu445Phe	Co
MnBM14	FLC2	chrI	48206	A	G	missense_variant	MODERATE	686.29	AC=1;AF=0.009091;AN=110;DP=1007;FS=0;MLEAC=1;MLEAF=0.009091;MQ=60;QD=31.19;SOR=1.609;ANN=G	YAL053W	c.2308A>G	p.Asn770Asp	Mn
MnBM14	OAF1	chrI	48640	C	T	missense_variant	MODERATE	606.29	AC=1;AF=0.009091;AN=110;DP=1004;FS=0;MLEAC=1;MLEAF=0.009091;MQ=60;QD=33.68;SOR=1.863;ANN=T	YAL051W	c.77C>T	p.Ala26Val	Mn
CoBM3	CLN3	chrI	66785	A	C	missense_variant	MODERATE	873.29	AC=1;AF=0.009091;AN=110;DP=1007;FS=0;MLEAC=1;MLEAF=0.009091;MQ=60;QD=34.93;SOR=0.941;ANN=C	YAL040C	c.736T>G	p.Leu246Val	Co
MnBM42	CCR4	chrI	112637	G	C	missense_variant	MODERATE	541.29	AC=1;AF=0.009091;AN=110;DP=745;FS=0;MLEAC=1;MLEAF=0.009091;MQ=60;QD=33.83;SOR=0.693;ANN=C	YAL021C	c.723C>G	p.Asp241Glu	Mn
MnBM42	CCR4	chrI	113278	G	A	synonymous_variant	LOW	754.29	AC=1;AF=0.009091;AN=110;DP=753;FS=0;MLEAC=1;MLEAF=0.009091;MQ=60;QD=27.94;SOR=0.922;ANN=A	YAL021C	c.82C>T	p.Leu28Leu	Mn
CoBM14	PKC1	chrII	17571	C	T	synonymous_variant	LOW	62.29	AC=1;AF=0.009091;AN=110;BaseQRankSum=0.319;DP=1233;FS=0;MLEAC=1;MLEAF=0.009091;MQ=60;MQRankSum=0;QD=7.79;ReadPosRankSum=-0.272;SOR=1.329;ANN=T	YBL105C	c.126G>A	p.Thr42Thr	Co
CoBM6	SHP 1.00	chrII	112395	A	T	missense_variant	MODERATE	1076.29	AC=1;AF=0.009091;AN=110;DP=915;FS=0;MLEAC=1;MLEAF=0.009091;MQ=60;QD=30.75;SOR=0.749;ANN=T	YBL058W	c.959A>T	p.Glu320Val	Co
CuBM15	COQ1	chrII	243326	C	A	missense_variant	MODERATE	508.29	AC=1;AF=0.009091;AN=110;DP=429;FS=0;MLEAC=1;MLEAF=0.009091;MQ=60;QD=34.67;SOR=1.329;ANN=A	YBR003W	c.518C>A	p.Pro173His	Cu
CoBM4	RKM3	chrII	299270	G	C	missense_variant	MODERATE	2076.63	AC=2;AF=0.018;AN=110;DP=1991;FS=0;MLEAC=2;MLEAF=0.018;MQ=60;QD=30.65;SOR=0.762;ANN=C	YBR030W	c.979G>C	p.Gly327Arg	Co
NiBM24	RKM3	chrII	299270	G	C	missense_variant	MODERATE	2076.63	AC=2;AF=0.018;AN=110;DP=1991;FS=0;MLEAC=2;MLEAF=0.018;MQ=60;QD=30.65;SOR=0.762;ANN=C	YBR030W	c.979G>C	p.Gly327Arg	Ni
NiBM12	IST2	chrII	421076	C	A	missense_variant	MODERATE	882.29	AC=1;AF=0.009091;AN=110;DP=870;FS=0;MLEAC=1;MLEAF=0.009091;MQ=60;QD=32.68;SOR=2.066;ANN=A	YBR086C	c.1966G>T	p.Ala656Ser	Ni
CuBM9	MMS4	chrII	442065	G	C	missense_variant	MODERATE	628.29	AC=1;AF=0.009091;AN=110;DP=577;FS=0;MLEAC=1;MLEAF=0.009091;MQ=60;QD=25.27;SOR=0.804;ANN=C	YBR098W	c.551G>C	p.Ser184Thr	Cu
CoBM17	RAD16	chrII	467332	A	T	missense_variant	MODERATE	562.29	AC=1;AF=0.009091;AN=110;DP=429;FS=0;MLEAC=1;MLEAF=0.009091;MQ=60;QD=31.24;SOR=0.914;ANN=T	YBR114W	c.85A>T	p.Thr29Ser	Co
MnBM42	MRPL36	chrII	484228	A	G	synonymous_variant	LOW	924.29	AC=1;AF=0.009091;AN=110;DP=485;FS=0;MLEAC=1;MLEAF=0.009091;MQ=60;QD=27.65;SOR=1.136;ANN=G	YBR122C	c.276T>C	p.Ala92Ala	Mn
CdBM29	RTC2	chrII	537159	TA	T	frameshift_variant	HIGH	460.25	AC=1;AF=0.009091;AN=110;DP=1018;FS=0;MLEAC=1;MLEAF=0.009091;MQ=60;QD=28.77;SOR=0.693;ANN=T	YBR147W	c.594delA	p.Lys198fs	Cd
MnBM13	SMY2	chrII	579318	G	A	synonymous_variant	LOW	720.29	AC=1;AF=0.009091;AN=110;DP=793;FS=0;MLEAC=1;MLEAF=0.009091;MQ=60;QD=34.3;SOR=0.784;ANN=A	YBR172C	c.2055C>T	p.Asp685Asp	Mn
CdBM23	KTR3	chrII	634214	G	A	stop_gained	HIGH	1101.63	AC=2;AF=0.018;AN=110;DP=2040;FS=0;MLEAC=2;MLEAF=0.018;MQ=60;QD=32.4;SOR=0.811;ANN=A	YBR205W	c.593G>A	p.Trp198*	Cd
CdBM43	KTR3	chrII	634214	G	A	stop_gained	HIGH	1101.63	AC=2;AF=0.018;AN=110;DP=2040;FS=0;MLEAC=2;MLEAF=0.018;MQ=60;QD=32.4;SOR=0.811;ANN=A	YBR205W	c.593G>A	p.Trp198*	Cd
MnBM42	SWC5	chrII	682726	C	T	missense_variant	MODERATE	780.29	AC=1;AF=0.009091;AN=110;DP=1787;FS=0;MLEAC=1;MLEAF=0.009091;MQ=60;QD=31.21;SOR=0.77;ANN=T	YBR231C	c.365G>A	p.Arg122His	Mn
CdBM29	PBP2	chrII	683908	G	A	missense_variant	MODERATE	711.29	AC=1;AF=0.009091;AN=110;DP=1656;FS=0;MLEAC=1;MLEAF=0.009091;MQ=60;QD=33.87;SOR=0.99;ANN=A	YBR233W	c.481G>A	p.Gly161Arg	Cd
NiBM4	UBX7	chrII	749280	C	A	missense_variant	MODERATE	567.29	AC=1;AF=0.009091;AN=110;DP=1336;FS=0;MLEAC=1;MLEAF=0.009091;MQ=60;QD=29.33;SOR=0.941;ANN=A	YBR273C	c.92G>T	p.Arg31Leu	Ni
NiBM24	BSD 2.00	chrII	783212	C	T	stop_gained	HIGH	1273.29	AC=1;AF=0.009091;AN=110;DP=729;FS=0;MLEAC=1;MLEAF=0.009091;MQ=60;QD=30.05;SOR=1.085;ANN=T	YBR290W	c.622C>T	p.Gln208*	Ni
NiBM11	BSD 2.00	chrII	783400	G	T	missense_variant	MODERATE	2061.63	AC=2;AF=0.018;AN=110;DP=747;FS=0;MLEAC=2;MLEAF=0.018;MQ=60;QD=34.36;SOR=1.16;ANN=T	YBR290W	c.810G>T	p.Leu270Phe	Ni
ZnBM11	BSD 2.00	chrII	783400	G	T	missense_variant	MODERATE	2061.63	AC=2;AF=0.018;AN=110;DP=747;FS=0;MLEAC=2;MLEAF=0.018;MQ=60;QD=34.36;SOR=1.16;ANN=T	YBR290W	c.810G>T	p.Leu270Phe	Zn
ZnBM31	HIS4	chrIII	66139	G	A	missense_variant	MODERATE	729.29	AC=1;AF=0.009091;AN=110;DP=858;FS=0;MLEAC=1;MLEAF=0.009091;MQ=60;QD=30.97;SOR=0.693;ANN=A	YCL030C	c.2195C>T	p.Thr732Ile	Zn
MnBM31	AGP1	chrIII	76154	AT	A	frameshift_variant	HIGH	1059.25	AC=1;AF=0.009091;AN=110;DP=554;FS=0;MLEAC=1;MLEAF=0.009091;MQ=60;QD=25;SOR=0.693;ANN=A	YCL025C	c.1765delA	p.Ile589fs	Mn
MnBM31	AGP1	chrIII	76159	C	A	synonymous_variant	LOW	1059.29	AC=1;AF=0.009091;AN=110;DP=554;FS=0;MLEAC=1;MLEAF=0.009091;MQ=60;QD=29.56;SOR=0.693;ANN=A	YCL025C	c.1761G>T	p.Leu587Leu	Mn
CoBM6	RBK1	chrIII	193474	C	T	stop_gained	HIGH	922.29	AC=1;AF=0.009091;AN=110;DP=681;FS=0;MLEAC=1;MLEAF=0.009091;MQ=60;QD=32.94;SOR=0.693;ANN=T	YCR036W	c.178C>T	p.Arg60*	Co
MnBM42	YIH1	chrIII	223643	T	C	synonymous_variant	LOW	884.29	AC=1;AF=0.009091;AN=110;DP=940;FS=0;MLEAC=1;MLEAF=0.009091;MQ=60;QD=32.75;SOR=0.765;ANN=C	YCR059C	c.588A>G	p.Gln196Gln	Mn
CuBM18	ABP1	chrIII	265691	A	C	missense_variant	MODERATE	1005.29	AC=1;AF=0.009091;AN=110;DP=1468;FS=0;MLEAC=1;MLEAF=0.009091;MQ=60;QD=28.6;SOR=0.765;ANN=C	YCR088W	c.624A>C	p.Leu208Phe	Cu
MnBM14	FIG2	chrIII	270029	G	A	missense_variant	MODERATE	1189.29	AC=1;AF=0.009091;AN=110;DP=968;FS=0;MLEAC=1;MLEAF=0.009091;MQ=60;QD=34.98;SOR=2.049;ANN=A	YCR089W	c.2596G>A	p.Ala866Thr	Mn
CdBM30	KIN82	chrIII	275091	TC	T	frameshift_variant	HIGH	680.25	AC=1;AF=0.009091;AN=110;DP=1356;FS=0;MLEAC=1;MLEAF=0.009091;MQ=60;QD=30.92;SOR=1.085;ANN=T	YCR091W	c.694delC	p.Leu232fs	Cd
CoBM21	OCA4	chrIII	288718	C	T	missense_variant	MODERATE	2179.29	AC=1;AF=0.009091;AN=110;DP=1588;FS=0;MLEAC=1;MLEAF=0.009091;MQ=60;QD=34.05;SOR=0.892;ANN=T	YCR095C	c.541G>A	p.Glu181Lys	Co
MnBM17	LRG1	chrIV	23136	T	G	missense_variant	MODERATE	378.29	AC=1;AF=0.009091;AN=110;DP=1549;FS=0;MLEAC=1;MLEAF=0.009091;MQ=60;QD=34.39;SOR=0.859;ANN=G	YDL240W	c.314T>G	p.Leu105Trp	Mn
CdBM32	HO	chrIV	46589	CT	C	frameshift_variant	HIGH	1007.25	AC=1;AF=0.009091;AN=110;DP=740;FS=0;MLEAC=1;MLEAF=0.009091;MQ=60;QD=30.52;SOR=1.179;ANN=C	YDL227C	c.1442delA	p.Lys481fs	Cd
MnBM29	HBT1	chrIV	58214	G	T	missense_variant	MODERATE	1031.29	AC=1;AF=0.009091;AN=110;DP=738;FS=0;MLEAC=1;MLEAF=0.009091;MQ=60;QD=34.38;SOR=0.976;ANN=T	YDL223C	c.2192C>A	p.Thr731Lys	Mn
NiBM17	UGA4	chrIV	85469	G	T	missense_variant	MODERATE	929.29	AC=1;AF=0.009091;AN=110;DP=733;FS=0;MLEAC=1;MLEAF=0.009091;MQ=60;QD=30.83;SOR=1.519;ANN=T	YDL210W	c.1200G>T	p.Leu400Phe	Ni
MnBM42	UGA3	chrIV	157116	C	A	missense_variant	MODERATE	1204.29	AC=1;AF=0.009091;AN=110;DP=845;FS=0;MLEAC=1;MLEAF=0.009091;MQ=60;QD=31.19;SOR=1.473;ANN=A	YDL170W	c.799C>A	p.Leu267Ile	Mn
MnBM14	CLB3	chrIV	178021	G	A	missense_variant	MODERATE	696.29	AC=1;AF=0.009091;AN=110;DP=1829;FS=0;MLEAC=1;MLEAF=0.009091;MQ=60;QD=30.27;SOR=0.776;ANN=A	YDL155W	c.1249G>A	p.Ala417Thr	Mn
MnBM28	VCX1	chrIV	233157	C	T	missense_variant	MODERATE	741.29	AC=1;AF=0.009091;AN=110;DP=903;FS=0;MLEAC=1;MLEAF=0.009091;MQ=60;QD=32.23;SOR=0.776;ANN=T	YDL128W	c.506C>T	p.Ala169Val	Mn
MnBM12	VCX1	chrIV	233168	C	G	missense_variant	MODERATE	1728.63	AC=2;AF=0.018;AN=110;DP=924;FS=0;MLEAC=2;MLEAF=0.018;MQ=60;QD=34.57;SOR=1.051;ANN=G	YDL128W	c.517C>G	p.Leu173Val	Mn
MnBM29	VCX1	chrIV	233168	C	G	missense_variant	MODERATE	1728.63	AC=2;AF=0.018;AN=110;DP=924;FS=0;MLEAC=2;MLEAF=0.018;MQ=60;QD=34.57;SOR=1.051;ANN=G	YDL128W	c.517C>G	p.Leu173Val	Mn
MnBM14	VCX1	chrIV	233180	G	A	missense_variant	MODERATE	743.29	AC=1;AF=0.009091;AN=110;DP=912;FS=0;MLEAC=1;MLEAF=0.009091;MQ=60;QD=32.32;SOR=1.708;ANN=A	YDL128W	c.529G>A	p.Ala177Thr	Mn
CdBM23	CYK3	chrIV	249010	GA	G	frameshift_variant	HIGH	560.59	AC=2;AF=0.018;AN=110;BaseQRankSum=1.88;DP=869;FS=6.341;MLEAC=2;MLEAF=0.018;MQ=60;MQRankSum=0;QD=10.58;ReadPosRankSum=0.364;SOR=1.506;ANN=G	YDL117W	c.437delA	p.Asn146fs	Cd
MnBM32	MSS2	chrIV	269200	G	A	missense_variant	MODERATE	538.29	AC=1;AF=0.009091;AN=110;DP=835;FS=0;MLEAC=1;MLEAF=0.009091;MQ=60;QD=33.64;SOR=2.049;ANN=A	YDL107W	c.280G>A	p.Asp94Asn	Mn
MnBM14	MSS2	chrIV	269955	G	A	synonymous_variant	LOW	555.29	AC=1;AF=0.009091;AN=110;DP=837;FS=0;MLEAC=1;MLEAF=0.009091;MQ=60;QD=25.73;SOR=0.818;ANN=A	YDL107W	c.1035G>A	p.Leu345Leu	Mn
MnBM14	QRI7	chrIV	273879	C	A	missense_variant	MODERATE	604.29	AC=1;AF=0.009091;AN=110;DP=916;FS=0;MLEAC=1;MLEAF=0.009091;MQ=60;QD=33.57;SOR=0.914;ANN=A	YDL104C	c.998G>T	p.Arg333Ile	Mn
CdBM42	POL3	chrIV	277623	A	G	missense_variant	MODERATE	616.29	AC=1;AF=0.009091;AN=110;BaseQRankSum=0.895;DP=916;FS=0;MLEAC=1;MLEAF=0.009091;MQ=60;MQRankSum=0;QD=29.35;ReadPosRankSum=-0.18;SOR=0.793;ANN=G	YDL102W	c.752A>G	p.Asn251Ser	Cd
MnBM16	SUB2	chrIV	305733	A	G	missense_variant	MODERATE	457.29	AC=1;AF=0.009091;AN=110;DP=1244;FS=0;MLEAC=1;MLEAF=0.009091;MQ=60;QD=31.68;SOR=0.836;ANN=G	YDL084W	c.497A>G	p.Tyr166Cys	Mn
NiBM6	IDP1	chrIV	334907	C	A	missense_variant	MODERATE	665.29	AC=1;AF=0.009091;AN=110;BaseQRankSum=1.76;DP=843;FS=3.203;MLEAC=1;MLEAF=0.009091;MQ=60;MQRankSum=0;QD=28.93;ReadPosRankSum=-1.435;SOR=0.499;ANN=A	YDL066W	c.73C>A	p.Pro25Thr	Ni
MnBM42	OSH2	chrIV	417674	C	T	missense_variant	MODERATE	1416.29	AC=1;AF=0.009091;AN=110;DP=981;FS=0;MLEAC=1;MLEAF=0.009091;MQ=60;QD=32.94;SOR=0.941;ANN=T	YDL019C	c.3841G>A	p.Asp1281Asn	Mn
MnBM23	ARO3	chrIV	522083	G	A	missense_variant	MODERATE	722.29	AC=1;AF=0.009091;AN=110;DP=521;FS=0;MLEAC=1;MLEAF=0.009091;MQ=60;QD=27.66;SOR=0.892;ANN=A	YDR035W	c.268G>A	p.Glu90Lys	Mn
ZnBM19	DOA4	chrIV	587104	G	A	stop_gained	HIGH	882.29	AC=1;AF=0.009091;AN=110;DP=932;FS=0;MLEAC=1;MLEAF=0.009091;MQ=60;QD=23.83;SOR=1.27;ANN=A	YDR069C	c.616C>T	p.Gln206*	Zn
ZnBM16	STE5	chrIV	660940	C	T	missense_variant	MODERATE	1042.29	AC=1;AF=0.009091;AN=110;DP=1208;FS=0;MLEAC=1;MLEAF=0.009091;MQ=60;QD=33.62;SOR=1.402;ANN=T	YDR103W	c.2591C>T	p.Ser864Phe	Zn
CdBM29	KIN1	chrIV	694840	ACAG	A	conservative_inframe_deletion	MODERATE	294.25	AC=1;AF=0.009091;AN=110;DP=661;FS=0;MLEAC=1;MLEAF=0.009091;MQ=60;QD=29.81;SOR=1.609;ANN=A	YDR122W	c.157_159delCAG	p.Gln53del	Cd
MnBM42	YCF1	chrIV	726227	T	C	missense_variant	MODERATE	1172.29	AC=1;AF=0.009091;AN=110;DP=677;FS=0;MLEAC=1;MLEAF=0.009091;MQ=60;QD=34.48;SOR=1.085;ANN=C	YDR135C	c.1325A>G	p.Lys442Arg	Mn
CdBM32	UBC1	chrIV	817301	G	A	missense_variant	MODERATE	980.29	AC=1;AF=0.009091;AN=110;DP=582;FS=0;MLEAC=1;MLEAF=0.009091;MQ=60;QD=28.36;SOR=0.765;ANN=A	YDR177W	c.424G>A	p.Ala142Thr	Cd
CoBM8	EBS1	chrIV	864180	A	T	missense_variant	MODERATE	1000.29	AC=1;AF=0.009091;AN=110;DP=486;FS=0;MLEAC=1;MLEAF=0.009091;MQ=60;QD=32.27;SOR=0.892;ANN=T	YDR206W	c.2127A>T	p.Glu709Asp	Co
CoBM17	UME6	chrIV	867413	T	A	missense_variant	MODERATE	700.29	AC=1;AF=0.009091;AN=110;BaseQRankSum=2.01;DP=463;FS=0;MLEAC=1;MLEAF=0.009091;MQ=60;MQRankSum=0;QD=32.45;ReadPosRankSum=1.4;SOR=0.507;ANN=A	YDR207C	c.110A>T	p.Lys37Ile	Co
MnBM23	ADR1	chrIV	896208	C	T	missense_variant	MODERATE	672.29	AC=1;AF=0.009091;AN=110;DP=706;FS=0;MLEAC=1;MLEAF=0.009091;MQ=60;QD=33.61;SOR=1.127;ANN=T	YDR216W	c.1174C>T	p.His392Tyr	Mn
CdBM32	YAP6	chrIV	974680	AT	A	frameshift_variant	HIGH	831.25	AC=1;AF=0.009091;AN=110;BaseQRankSum=1.65;DP=836;FS=0;MLEAC=1;MLEAF=0.009091;MQ=60;MQRankSum=0;QD=25.19;ReadPosRankSum=-0.038;SOR=1.402;ANN=A	YDR259C	c.1102delA	p.Ile368fs	Cd
CoBM3	YDR269C	chrIV	1005804	G	T	missense_variant	MODERATE	283.29	AC=1;AF=0.009091;AN=110;DP=426;FS=0;MLEAC=1;MLEAF=0.009091;MQ=60;QD=25.75;SOR=2.494;ANN=T	YDR269C	c.185C>A	p.Thr62Asn	Co
MnBM14	SUM1	chrIV	1083280	G	A	missense_variant	MODERATE	665.29	AC=1;AF=0.009091;AN=110;DP=772;FS=0;MLEAC=1;MLEAF=0.009091;MQ=60;QD=29.55;SOR=0.914;ANN=A	YDR310C	c.1037C>T	p.Thr346Met	Mn
CoBM7	TFB1	chrIV	1086043	G	T	missense_variant	MODERATE	915.29	AC=1;AF=0.009091;AN=110;DP=796;FS=0;MLEAC=1;MLEAF=0.009091;MQ=60;QD=28.43;SOR=1.022;ANN=T	YDR311W	c.979G>T	p.Asp327Tyr	Co
MnBM14	PIB1	chrIV	1089472	G	A	missense_variant	MODERATE	812.29	AC=1;AF=0.009091;AN=110;DP=807;FS=0;MLEAC=1;MLEAF=0.009091;MQ=60;QD=23.6;SOR=0.776;ANN=A	YDR313C	c.608C>T	p.Ala203Val	Mn
MnBM32	SBE2	chrIV	1178933	G	A	missense_variant	MODERATE	815.29	AC=1;AF=0.009091;AN=110;DP=496;FS=0;MLEAC=1;MLEAF=0.009091;MQ=60;QD=33.97;SOR=0.693;ANN=A	YDR351W	c.268G>A	p.Ala90Thr	Mn
MnBM13	VPS74	chrIV	1221843	C	A	stop_gained	HIGH	736.29	AC=1;AF=0.009091;AN=110;DP=905;FS=0;MLEAC=1;MLEAF=0.009091;MQ=60;QD=33.47;SOR=1.609;ANN=A	YDR372C	c.307G>T	p.Glu103*	Mn
MnBM42	YRA1	chrIV	1237754	T	C	missense_variant	MODERATE	1154.29	AC=1;AF=0.009091;AN=110;DP=558;FS=0;MLEAC=1;MLEAF=0.009091;MQ=60;QD=34.98;SOR=1.179;ANN=C	YDR381W	c.431T>C	p.Ile144Thr	Mn
MnBM23	NPL3	chrIV	1329113	C	A	missense_variant	MODERATE	326.29	AC=1;AF=0.009091;AN=110;DP=505;FS=0;MLEAC=1;MLEAF=0.009091;MQ=60;QD=25.1;SOR=1.609;ANN=A	YDR432W	c.331C>A	p.Arg111Ser	Mn
MnBM42	TOM1	chrIV	1371088	T	G	missense_variant	MODERATE	1156.29	AC=1;AF=0.009091;AN=110;DP=743;FS=0;MLEAC=1;MLEAF=0.009091;MQ=60;QD=34.01;SOR=1.418;ANN=G	YDR457W	c.1299T>G	p.Ile433Met	Mn
CoBM15	TOM1	chrIV	1375220	CT	C	frameshift_variant	HIGH	691.25	AC=1;AF=0.009091;AN=110;DP=738;FS=0;MLEAC=1;MLEAF=0.009091;MQ=60;QD=26.61;SOR=1.022;ANN=C	YDR457W	c.5433delT	p.Asp1812fs	Co
MnBM42	HEH2	chrIV	1381715	T	C	missense_variant	MODERATE	1026.29	AC=1;AF=0.009091;AN=110;DP=749;FS=0;MLEAC=1;MLEAF=0.009091;MQ=60;QD=31.08;SOR=1.071;ANN=C	YDR458C	c.332A>G	p.Asp111Gly	Mn
MnBM14	PAU10	chrIV	1523306	G	A	missense_variant	MODERATE	544.29	AC=1;AF=0.009091;AN=110;BaseQRankSum=2.07;DP=1591;FS=3.493;MLEAC=1;MLEAF=0.009091;MQ=51.12;MQRankSum=0.199;QD=27.21;ReadPosRankSum=1.08;SOR=2.303;ANN=A	YDR542W	c.58G>A	p.Ala20Thr	Mn
MnBM42	SUC2	chrIX	38717	G	A	missense_variant	MODERATE	1124.29	AC=1;AF=0.009091;AN=110;DP=721;FS=0;MLEAC=1;MLEAF=0.009091;MQ=60;QD=33.07;SOR=1.244;ANN=A	YIL162W	c.1333G>A	p.Val445Ile	Mn
MnBM42	TAO3	chrIX	110175	T	C	synonymous_variant	LOW	1078.29	AC=1;AF=0.009091;AN=110;DP=741;FS=0;MLEAC=1;MLEAF=0.009091;MQ=60;QD=33.7;SOR=1.112;ANN=C	YIL129C	c.3063A>G	p.Lys1021Lys	Mn
MnBM42	KGD1	chrIX	124369	T	G	missense_variant	MODERATE	1165.29	AC=1;AF=0.009091;AN=110;DP=730;FS=0;MLEAC=1;MLEAF=0.009091;MQ=60;QD=28.17;SOR=1.284;ANN=G	YIL125W	c.1681T>G	p.Phe561Val	Mn
MnBM42	RPI1	chrIX	137759	T	C	missense_variant	MODERATE	904.29	AC=1;AF=0.009091;AN=110;DP=737;FS=0;MLEAC=1;MLEAF=0.009091;MQ=60;QD=31.18;SOR=0.906;ANN=C	YIL119C	c.119A>G	p.Glu40Gly	Mn
NiBM6	PFK26	chrIX	165562	C	A	missense_variant	MODERATE	936.29	AC=1;AF=0.009091;AN=110;DP=788;FS=0;MLEAC=1;MLEAF=0.009091;MQ=60;QD=34.68;SOR=2.066;ANN=A	YIL107C	c.200G>T	p.Arg67Ile	Ni
MnBM13	FYV10	chrIX	181615	C	T	missense_variant	MODERATE	756.29	AC=1;AF=0.009091;AN=110;DP=783;FS=0;MLEAC=1;MLEAF=0.009091;MQ=60;QD=26.8;SOR=2.2;ANN=T	YIL097W	c.1189C>T	p.His397Tyr	Mn
CoBM3	FYV10	chrIX	181770	A	C	missense_variant	MODERATE	455.29	AC=1;AF=0.009091;AN=110;DP=782;FS=0;MLEAC=1;MLEAF=0.009091;MQ=60;QD=26;SOR=0.693;ANN=C	YIL097W	c.1344A>C	p.Leu448Phe	Co
CdBM23	YRB2	chrIX	243630	CT	C	frameshift_variant	HIGH	941.59	AC=2;AF=0.018;AN=110;DP=846;FS=0;MLEAC=2;MLEAF=0.018;MQ=60;QD=31.39;SOR=1.143;ANN=C	YIL063C	c.114delA	p.Asp39fs	Cd
CdBM43	YRB2	chrIX	243630	CT	C	frameshift_variant	HIGH	941.59	AC=2;AF=0.018;AN=110;DP=846;FS=0;MLEAC=2;MLEAF=0.018;MQ=60;QD=31.39;SOR=1.143;ANN=C	YIL063C	c.114delA	p.Asp39fs	Cd
CoBM18	SYG1	chrIX	266383	C	T	missense_variant	MODERATE	1079.29	AC=1;AF=0.009091;AN=110;DP=1596;FS=0;MLEAC=1;MLEAF=0.009091;MQ=60;QD=33.73;SOR=0.957;ANN=T	YIL047C	c.1441G>A	p.Gly481Ser	Co
CdBM26	MET30	chrIX	269753	A	C	missense_variant	MODERATE	940.29	AC=1;AF=0.009091;AN=110;DP=934;FS=0;MLEAC=1;MLEAF=0.009091;MQ=60;QD=31.34;SOR=0.976;ANN=C	YIL046W	c.1103A>C	p.Asn368Thr	Cd
CoBM6	PKP1	chrIX	275280	G	T	missense_variant	MODERATE	809.29	AC=1;AF=0.009091;AN=110;DP=957;FS=0;MLEAC=1;MLEAF=0.009091;MQ=60;QD=31.13;SOR=0.846;ANN=T	YIL042C	c.1013C>A	p.Pro338His	Co
MnBM42	PRI1	chrIX	374079	G	A	synonymous_variant	LOW	1435.29	AC=1;AF=0.009091;AN=110;DP=920;FS=0;MLEAC=1;MLEAF=0.009091;MQ=60;QD=33.3;SOR=0.85;ANN=A	YIR008C	c.228C>T	p.Asn76Asn	Mn
MnBM42	DAL2	chrIX	411668	T	A	missense_variant	MODERATE	1010.29	AC=1;AF=0.009091;AN=110;DP=746;FS=0;MLEAC=1;MLEAF=0.009091;MQ=60;QD=33.68;SOR=0.826;ANN=A	YIR029W	c.862T>A	p.Ser288Thr	Mn
MnBM15	NA	chrM	14419	TA	T	NA	MODIFIER	24041.5	AC=1;AF=0.014;AN=69;DP=21200;FS=0;MLEAC=2;MLEAF=0.029;MQ=60;QD=25;SOR=1.15;ANN=T	NA	NA	NA	Mn
MnBM21	NA	chrM	25342	C	A	NA	MODIFIER	14934.7	AC=1;AF=0.015;AN=68;DP=44172;FS=0;MLEAC=2;MLEAF=0.029;MQ=60;QD=28.17;SOR=1.113;ANN=A	NA	NA	NA	Mn
MnBM21	NA	chrM	26112	A	AT	NA	MODIFIER	13468.2	AC=1;AF=0.014;AN=71;DP=37170;FS=0;MLEAC=2;MLEAF=0.028;MQ=60;QD=26;SOR=0.766;ANN=AT	NA	NA	NA	Mn
MnBM32	HXT13	chrV	22913	G	A	missense_variant	MODERATE	1136.29	AC=1;AF=0.009091;AN=110;DP=559;FS=0;MLEAC=1;MLEAF=0.009091;MQ=51.91;QD=25.36;SOR=1.681;ANN=A	YEL069C	c.319C>T	p.Arg107Cys	Mn
NiBM21	YEF1	chrV	76333	G	A	stop_gained	HIGH	1051.29	AC=1;AF=0.009091;AN=110;DP=862;FS=0;MLEAC=1;MLEAF=0.009091;MQ=60;QD=27.51;SOR=0.826;ANN=A	YEL041W	c.390G>A	p.Trp130*	Ni
MnBM42	FMP52	chrV	159636	C	T	synonymous_variant	LOW	1118.29	AC=1;AF=0.009091;AN=110;DP=904;FS=0;MLEAC=1;MLEAF=0.009091;MQ=60;QD=29.03;SOR=0.756;ANN=T	YER004W	c.57C>T	p.His19His	Mn
CoBM12	NUG1	chrV	164204	A	T	missense_variant	MODERATE	445.29	AC=1;AF=0.009091;AN=110;DP=902;FS=0;MLEAC=1;MLEAF=0.009091;MQ=60;QD=34.25;SOR=0.836;ANN=T	YER006W	c.1482A>T	p.Lys494Asn	Co
MnBM42	CAJ1	chrV	247483	C	T	synonymous_variant	LOW	1133.29	AC=1;AF=0.009091;AN=110;DP=817;FS=0;MLEAC=1;MLEAF=0.009091;MQ=60;QD=25.31;SOR=1.214;ANN=T	YER048C	c.675G>A	p.Glu225Glu	Mn
NiBM30	FCY2	chrV	266649	G	A	stop_gained	HIGH	1277.29	AC=1;AF=0.009091;AN=110;BaseQRankSum=1.57;DP=923;FS=0;MLEAC=1;MLEAF=0.009091;MQ=60;MQRankSum=0;QD=30.41;ReadPosRankSum=-1.951;SOR=0.902;ANN=A	YER056C	c.1465C>T	p.Gln489*	Ni
CdBM26	HMF1	chrV	270774	T	C	missense_variant	MODERATE	1139.29	AC=1;AF=0.009091;AN=110;DP=998;FS=0;MLEAC=1;MLEAF=0.009091;MQ=60;QD=34.52;SOR=0.88;ANN=C	YER057C	c.353A>G	p.Asp118Gly	Cd
CoBM8	VTC1	chrV	302912	G	A	stop_gained	HIGH	1649.29	AC=1;AF=0.009091;AN=110;DP=887;FS=0;MLEAC=1;MLEAF=0.009091;MQ=60;QD=34.36;SOR=1.708;ANN=A	YER072W	c.107G>A	p.Trp36*	Co
CoBM5	VTC1	chrV	303000	TA	T	frameshift_variant	HIGH	666.25	AC=1;AF=0.009091;AN=110;DP=852;FS=0;MLEAC=1;MLEAF=0.009091;MQ=60;QD=32.7;SOR=0.804;ANN=T	YER072W	c.196delA	p.Thr66fs	Co
MnBM18	ALD5	chrV	304100	C	A	missense_variant	MODERATE	269.29	AC=1;AF=0.009091;AN=110;DP=847;FS=0;MLEAC=1;MLEAF=0.009091;MQ=60;QD=33.66;SOR=1.179;ANN=A	YER073W	c.71C>A	p.Ser24Tyr	Mn
MnBM42	DOT6	chrV	334086	G	T	missense_variant	MODERATE	1076.29	AC=1;AF=0.009091;AN=110;DP=804;FS=0;MLEAC=1;MLEAF=0.009091;MQ=60;QD=30.94;SOR=0.906;ANN=T	YER088C	c.1103C>A	p.Ser368Tyr	Mn
ZnBM45	SAK1	chrV	418015	T	C	synonymous_variant	LOW	1593.63	AC=2;AF=0.018;AN=110;DP=1611;FS=0;MLEAC=2;MLEAF=0.018;MQ=60;QD=34.64;SOR=0.874;ANN=C	YER129W	c.735T>C	p.Gly245Gly	Zn
ZnBM46	SAK1	chrV	418015	T	C	synonymous_variant	LOW	1593.63	AC=2;AF=0.018;AN=110;DP=1611;FS=0;MLEAC=2;MLEAF=0.018;MQ=60;QD=34.64;SOR=0.874;ANN=C	YER129W	c.735T>C	p.Gly245Gly	Zn
MnBM13	UBP5	chrV	459312	T	C	synonymous_variant	LOW	802.29	AC=1;AF=0.009091;AN=110;DP=495;FS=0;MLEAC=1;MLEAF=0.009091;MQ=60;QD=28.71;SOR=0.784;ANN=C	YER144C	c.912A>G	p.Gln304Gln	Mn
MnBM42	COG3	chrV	485939	G	T	missense_variant	MODERATE	951.29	AC=1;AF=0.009091;AN=110;BaseQRankSum=2.02;DP=464;FS=0;MLEAC=1;MLEAF=0.009091;MQ=60;MQRankSum=0;QD=33.97;ReadPosRankSum=1.74;SOR=0.321;ANN=T	YER157W	c.1152G>T	p.Arg384Ser	Mn
CoBM20	SPT2	chrV	500260	T	C	missense_variant	MODERATE	290.29	AC=1;AF=0.009091;AN=110;BaseQRankSum=-0.104;DP=382;FS=0;MLEAC=1;MLEAF=0.009091;MQ=60;MQRankSum=0;QD=22.33;ReadPosRankSum=0.495;SOR=1.27;ANN=C	YER161C	c.89A>G	p.Asp30Gly	Co
CuBM6	DNF1	chrV	513891	G	C	missense_variant	MODERATE	682.29	AC=1;AF=0.009091;AN=110;DP=420;FS=0;MLEAC=1;MLEAF=0.009091;MQ=60;QD=34.11;SOR=0.693;ANN=C	YER166W	c.1148G>C	p.Arg383Thr	Cu
CdBM30	DNF1	chrV	516594	G	GT	frameshift_variant	HIGH	777.25	AC=1;AF=0.009091;AN=110;DP=436;FS=0;MLEAC=1;MLEAF=0.009091;MQ=60;QD=27.76;SOR=0.997;ANN=GT	YER166W	c.3860dupT	p.Tyr1289fs	Cd
MnBM42	BRR 2.00	chrV	533465	A	T	missense_variant	MODERATE	1045.29	AC=1;AF=0.009091;AN=110;BaseQRankSum=2.31;DP=989;FS=0;MLEAC=1;MLEAF=0.009091;MQ=60;MQRankSum=0;QD=32.28;ReadPosRankSum=-1.077;SOR=0.557;ANN=T	YER172C	c.2557T>A	p.Tyr853Asn	Mn
MnBM42	PDA1	chrV	546977	A	G	missense_variant	MODERATE	1194.29	AC=1;AF=0.009091;AN=110;DP=1210;FS=0;MLEAC=1;MLEAF=0.009091;MQ=60;QD=32.28;SOR=1.27;ANN=G	YER178W	c.161A>G	p.Gln54Arg	Mn
MnBM42	FAU1	chrV	553782	A	C	missense_variant	MODERATE	1461.29	AC=1;AF=0.009091;AN=110;DP=850;FS=0;MLEAC=1;MLEAF=0.009091;MQ=60;QD=29.49;SOR=1.096;ANN=C	YER183C	c.188T>G	p.Ile63Ser	Mn
MnBM39	ACT1	chrVI	58389	G	A	upstream_gene_variant	MODIFIER	309.29	AC=1;AF=0.009091;AN=110;DP=956;FS=0;MLEAC=1;MLEAF=0.009091;MQ=60;QD=25.77;SOR=1.022;ANN=A	YFL039C	c.-3693C>T	NA	Mn
MnBM32	YFL021C-A	chrVI	96312	C	T	missense_variant	MODERATE	839.29	AC=1;AF=0.009091;AN=110;DP=1372;FS=0;MLEAC=1;MLEAF=0.009091;MQ=60;QD=33.57;SOR=2.584;ANN=T	YFL021C-A	c.304G>A	p.Ala102Thr	Mn
CuBM7	BLM10	chrVI	127204	C	T	synonymous_variant	LOW	617.29	AC=1;AF=0.009091;AN=110;DP=464;FS=0;MLEAC=1;MLEAF=0.009091;MQ=60;QD=34.29;SOR=1.493;ANN=T	YFL007W	c.3726C>T	p.His1242His	Cu
MnBM16	MET10	chrVI	216146	C	T	synonymous_variant	LOW	832.29	AC=1;AF=0.009091;AN=110;DP=711;FS=0;MLEAC=1;MLEAF=0.009091;MQ=60;QD=26.72;SOR=1.708;ANN=T	YFR030W	c.2835C>T	p.Ile945Ile	Mn
NiBM4	SMC2	chrVI	217643	G	T	missense_variant	MODERATE	1004.29	AC=1;AF=0.009091;AN=110;DP=724;FS=0;MLEAC=1;MLEAF=0.009091;MQ=60;QD=24.84;SOR=0.836;ANN=T	YFR031C	c.2464C>A	p.Gln822Lys	Ni
MnBM42	RPL2A	chrVI	221115	C	T	missense_variant	MODERATE	622.29	AC=1;AF=0.009091;AN=110;DP=729;FS=0;MLEAC=1;MLEAF=0.009091;MQ=60;QD=34.57;SOR=2.833;ANN=T	YFR031C-A	c.157G>A	p.Gly53Ser	Mn
CdBM44	BNA6	chrVI	245165	AT	A	frameshift_variant&start_lost	HIGH	406.25	AC=1;AF=0.009091;AN=110;BaseQRankSum=0;DP=1268;FS=5.78;MLEAC=1;MLEAF=0.009091;MQ=60;MQRankSum=0;QD=25.39;ReadPosRankSum=-0.842;SOR=1.308;ANN=A	YFR047C	c.1delA	p.Met1fs	Cd
MnBM14	ZRT1	chrVII	21582	A	G	missense_variant	MODERATE	939.29	AC=1;AF=0.009091;AN=110;DP=874;FS=0;MLEAC=1;MLEAF=0.009091;MQ=60;QD=34.79;SOR=1.302;ANN=G	YGL255W	c.605A>G	p.Glu202Gly	Mn
MnBM29	FZF1	chrVII	22857	T	A	missense_variant	MODERATE	1171.29	AC=1;AF=0.009091;AN=110;DP=867;FS=0;MLEAC=1;MLEAF=0.009091;MQ=60;QD=33.62;SOR=1.112;ANN=A	YGL254W	c.554T>A	p.Leu185His	Mn
CdBM37	SAP4	chrVII	65388	AT	A	frameshift_variant	HIGH	333.25	AC=1;AF=0.009091;AN=110;DP=849;FS=0;MLEAC=1;MLEAF=0.009091;MQ=60;QD=25.63;SOR=1.179;ANN=A	YGL229C	c.1571delA	p.Asn524fs	Cd
MnBM38	COG1	chrVII	80104	T	A	missense_variant	MODERATE	1033.29	AC=1;AF=0.009091;AN=110;DP=1086;FS=0;MLEAC=1;MLEAF=0.009091;MQ=60;QD=27.36;SOR=0.836;ANN=A	YGL223C	c.262A>T	p.Thr88Ser	Mn
CoBM14	CHC1	chrVII	105696	G	T	missense_variant	MODERATE	201.29	AC=1;AF=0.009091;AN=110;BaseQRankSum=1.68;DP=781;FS=0;MLEAC=1;MLEAF=0.009091;MQ=60;MQRankSum=0;QD=13.42;ReadPosRankSum=0.123;SOR=0.892;ANN=T	YGL206C	c.1809C>A	p.Asp603Glu	Co
MnBM42	TOS3	chrVII	163625	C	T	missense_variant	MODERATE	1404.29	AC=1;AF=0.009091;AN=110;DP=730;FS=0;MLEAC=1;MLEAF=0.009091;MQ=60;QD=30.63;SOR=1.236;ANN=T	YGL179C	c.1467G>A	p.Met489Ile	Mn
CuBM18	ROG1	chrVII	232669	T	G	missense_variant	MODERATE	1002.29	AC=1;AF=0.009091;AN=110;DP=780;FS=0;MLEAC=1;MLEAF=0.009091;MQ=60;QD=34.56;SOR=1.688;ANN=G	YGL144C	c.1839A>C	p.Lys613Asn	Cu
MnBM42	HUL5	chrVII	239990	G	T	missense_variant	MODERATE	692.29	AC=1;AF=0.009091;AN=110;DP=765;FS=0;MLEAC=1;MLEAF=0.009091;MQ=60;QD=31.47;SOR=1.609;ANN=T	YGL141W	c.1638G>T	p.Trp546Cys	Mn
CdBM45	HUL5	chrVII	240693	G	A	missense_variant	MODERATE	1641.31	AC=3;AF=0.027;AN=110;DP=790;FS=0;MLEAC=3;MLEAF=0.027;MQ=60;QD=34.92;SOR=0.823;ANN=A	YGL141W	c.2341G>A	p.Glu781Lys	Cd
CdBM46	HUL5	chrVII	240693	G	A	missense_variant	MODERATE	1641.31	AC=3;AF=0.027;AN=110;DP=790;FS=0;MLEAC=3;MLEAF=0.027;MQ=60;QD=34.92;SOR=0.823;ANN=A	YGL141W	c.2341G>A	p.Glu781Lys	Cd
CdBM47	HUL5	chrVII	240693	G	A	missense_variant	MODERATE	1641.31	AC=3;AF=0.027;AN=110;DP=790;FS=0;MLEAC=3;MLEAF=0.027;MQ=60;QD=34.92;SOR=0.823;ANN=A	YGL141W	c.2341G>A	p.Glu781Lys	Cd
CdBM30	HUL5	chrVII	240739	G	A	missense_variant	MODERATE	605.29	AC=1;AF=0.009091;AN=110;DP=768;FS=0;MLEAC=1;MLEAF=0.009091;MQ=60;QD=28.71;SOR=1.371;ANN=A	YGL141W	c.2387G>A	p.Arg796Lys	Cd
MnBM42	ITC1	chrVII	259225	A	T	missense_variant	MODERATE	943.29	AC=1;AF=0.009091;AN=110;DP=785;FS=0;MLEAC=1;MLEAF=0.009091;MQ=60;QD=33.69;SOR=2.147;ANN=T	YGL133W	c.1519A>T	p.Ser507Cys	Mn
ZnBM41	SNT2	chrVII	263930	C	G	missense_variant	MODERATE	1090.29	AC=1;AF=0.009091;AN=110;DP=795;FS=0;MLEAC=1;MLEAF=0.009091;MQ=60;QD=32.79;SOR=1.329;ANN=G	YGL131C	c.1930G>C	p.Asp644His	Zn
MnBM42	SNT2	chrVII	264038	G	T	missense_variant	MODERATE	1122.29	AC=1;AF=0.009091;AN=110;DP=798;FS=0;MLEAC=1;MLEAF=0.009091;MQ=60;QD=34.01;SOR=1.179;ANN=T	YGL131C	c.1822C>A	p.Leu608Ile	Mn
ZnBM43	RPS2	chrVII	278292	A	G	missense_variant	MODERATE	574.29	AC=1;AF=0.009091;AN=110;DP=999;FS=0;MLEAC=1;MLEAF=0.009091;MQ=60;QD=33.78;SOR=1.739;ANN=G	YGL123W	c.676A>G	p.Thr226Ala	Zn
CoBM20	NAB2	chrVII	279126	A	G	synonymous_variant	LOW	472.29	AC=1;AF=0.009091;AN=110;BaseQRankSum=-0.265;DP=689;FS=3.634;MLEAC=1;MLEAF=0.009091;MQ=60;MQRankSum=0;QD=15.24;ReadPosRankSum=1.22;SOR=0.725;ANN=G	YGL122C	c.1398T>C	p.Asn466Asn	Co
MnBM42	CUE3	chrVII	302721	T	A	stop_gained	HIGH	941.29	AC=1;AF=0.009091;AN=110;DP=1558;FS=0;MLEAC=1;MLEAF=0.009091;MQ=60;QD=34.86;SOR=1.528;ANN=A	YGL110C	c.691A>T	p.Lys231*	Mn
MnBM42	SPC105	chrVII	336233	C	T	missense_variant	MODERATE	1050.29	AC=1;AF=0.009091;AN=110;DP=863;FS=0;MLEAC=1;MLEAF=0.009091;MQ=60;QD=33.88;SOR=1.214;ANN=T	YGL093W	c.1348C>T	p.Pro450Ser	Mn
CoBM17	AFT1	chrVII	372520	C	T	missense_variant	MODERATE	642.29	AC=1;AF=0.009091;AN=110;DP=846;FS=0;MLEAC=1;MLEAF=0.009091;MQ=60;QD=30.59;SOR=1.23;ANN=T	YGL071W	c.509C>T	p.Ser170Phe	Co
MnBM42	CWH41	chrVII	444280	C	G	missense_variant	MODERATE	1141.29	AC=1;AF=0.009091;AN=110;DP=947;FS=0;MLEAC=1;MLEAF=0.009091;MQ=60;QD=35.59;SOR=1.681;ANN=G	YGL027C	c.1864G>C	p.Val622Leu	Mn
MnBM42	STT3	chrVII	454170	G	T	missense_variant	MODERATE	814.29	AC=1;AF=0.009091;AN=110;BaseQRankSum=1.47;DP=809;FS=8.049;MLEAC=1;MLEAF=0.009091;MQ=60;MQRankSum=0;QD=30.16;ReadPosRankSum=2.37;SOR=1.099;ANN=T	YGL022W	c.1767G>T	p.Trp589Cys	Mn
MnBM39	PDR1	chrVII	470618	G	A	stop_gained	HIGH	1245.29	AC=1;AF=0.009091;AN=110;DP=807;FS=0;MLEAC=1;MLEAF=0.009091;MQ=60;QD=33.04;SOR=1.418;ANN=A	YGL013C	c.1681C>T	p.Arg561*	Mn
ZnBM37	PMA1	chrVII	479933	T	C	missense_variant	MODERATE	1057.29	AC=1;AF=0.009091;AN=110;DP=807;FS=0;MLEAC=1;MLEAF=0.009091;MQ=60;QD=29.14;SOR=1.46;ANN=C	YGL008C	c.2734A>G	p.Thr912Ala	Zn
ZnBM45	PMA1	chrVII	480320	C	G	missense_variant	MODERATE	1168.63	AC=2;AF=0.018;AN=110;DP=811;FS=0;MLEAC=2;MLEAF=0.018;MQ=60;QD=34.37;SOR=0.693;ANN=G	YGL008C	c.2347G>C	p.Gly783Arg	Zn
ZnBM46	PMA1	chrVII	480320	C	G	missense_variant	MODERATE	1168.63	AC=2;AF=0.018;AN=110;DP=811;FS=0;MLEAC=2;MLEAF=0.018;MQ=60;QD=34.37;SOR=0.693;ANN=G	YGL008C	c.2347G>C	p.Gly783Arg	Zn
ZnBM29	PMA1	chrVII	480586	T	G	missense_variant	MODERATE	727.29	AC=1;AF=0.009091;AN=110;BaseQRankSum=2.21;DP=803;FS=0;MLEAC=1;MLEAF=0.009091;MQ=60;MQRankSum=0;QD=34.63;ReadPosRankSum=1.57;SOR=0.765;ANN=G	YGL008C	c.2081A>C	p.Tyr694Ser	Zn
CoBM21	PMA1	chrVII	481133	C	T	missense_variant	MODERATE	729.29	AC=1;AF=0.009091;AN=110;DP=802;FS=0;MLEAC=1;MLEAF=0.009091;MQ=60;QD=31.71;SOR=1.708;ANN=T	YGL008C	c.1534G>A	p.Ala512Thr	Co
ZnBM41	PMA1	chrVII	482054	C	T	missense_variant	MODERATE	624.29	AC=1;AF=0.009091;AN=110;DP=797;FS=0;MLEAC=1;MLEAF=0.009091;MQ=60;QD=32.86;SOR=1.292;ANN=T	YGL008C	c.613G>A	p.Glu205Lys	Zn
CoBM7	PMA1	chrVII	482195	C	G	missense_variant	MODERATE	1058.29	AC=1;AF=0.009091;AN=110;DP=805;FS=0;MLEAC=1;MLEAF=0.009091;MQ=60;QD=34.14;SOR=0.892;ANN=G	YGL008C	c.472G>C	p.Gly158Arg	Co
CuBM3	PMA1	chrVII	482217	C	A	missense_variant	MODERATE	491.29	AC=1;AF=0.009091;AN=110;DP=796;FS=0;MLEAC=1;MLEAF=0.009091;MQ=60;QD=32.75;SOR=0.818;ANN=A	YGL008C	c.450G>T	p.Leu150Phe	Cu
ZnBM17	PMA1	chrVII	482300	G	T	missense_variant	MODERATE	640.29	AC=1;AF=0.009091;AN=110;DP=800;FS=0;MLEAC=1;MLEAF=0.009091;MQ=60;QD=30.57;SOR=1.493;ANN=T	YGL008C	c.367C>A	p.Pro123Thr	Zn
MnBM42	GSC2	chrVII	550683	G	T	missense_variant	MODERATE	1259.29	AC=1;AF=0.009091;AN=110;DP=410;FS=0;MLEAC=1;MLEAF=0.009091;MQ=60;QD=34.98;SOR=1.209;ANN=T	YGR032W	c.2420G>T	p.Arg807Met	Mn
MnBM42	ACB1	chrVII	559830	C	T	synonymous_variant	LOW	660.29	AC=1;AF=0.009091;AN=110;DP=436;FS=0;MLEAC=1;MLEAF=0.009091;MQ=60;QD=34.75;SOR=1.292;ANN=T	YGR037C	c.165G>A	p.Lys55Lys	Mn
CuBM4	RSC1	chrVII	602841	G	T	missense_variant	MODERATE	427.29	AC=1;AF=0.009091;AN=110;BaseQRankSum=-0.813;DP=722;FS=4.26;MLEAC=1;MLEAF=0.009091;MQ=60;MQRankSum=0;QD=26.71;ReadPosRankSum=-0.654;SOR=1.284;ANN=T	YGR056W	c.1181G>T	p.Arg394Ile	Cu
ZnBM23	ADE6	chrVII	613265	C	G	missense_variant	MODERATE	517.29	AC=1;AF=0.009091;AN=110;DP=897;FS=0;MLEAC=1;MLEAF=0.009091;MQ=60;QD=32.33;SOR=1.609;ANN=G	YGR061C	c.2701G>C	p.Val901Leu	Zn
CoBM17	GCD2	chrVII	644958	T	A	missense_variant	MODERATE	1100.29	AC=1;AF=0.009091;AN=110;DP=1211;FS=0;MLEAC=1;MLEAF=0.009091;MQ=60;QD=33.34;SOR=1.981;ANN=A	YGR083C	c.1858A>T	p.Thr620Ser	Co
MnBM39	RRP46	chrVII	675732	T	A	missense_variant	MODERATE	1670.63	AC=2;AF=0.018;AN=110;DP=1436;FS=0;MLEAC=2;MLEAF=0.018;MQ=60;QD=25.26;SOR=1.387;ANN=A	YGR095C	c.611A>T	p.Glu204Val	Mn
ZnBM17	RRP46	chrVII	675732	T	A	missense_variant	MODERATE	1670.63	AC=2;AF=0.018;AN=110;DP=1436;FS=0;MLEAC=2;MLEAF=0.018;MQ=60;QD=25.26;SOR=1.387;ANN=A	YGR095C	c.611A>T	p.Glu204Val	Zn
MnBM14	UTP8	chrVII	748798	C	T	missense_variant	MODERATE	433.29	AC=1;AF=0.009091;AN=110;DP=1564;FS=0;MLEAC=1;MLEAF=0.009091;MQ=60;QD=29.21;SOR=3.611;ANN=T	YGR128C	c.1294G>A	p.Asp432Asn	Mn
MnBM14	UTP8	chrVII	749839	C	T	missense_variant	MODERATE	1059.29	AC=1;AF=0.009091;AN=110;DP=1969;FS=0;MLEAC=1;MLEAF=0.009091;MQ=60;QD=30.4;SOR=0.859;ANN=T	YGR128C	c.253G>A	p.Ala85Thr	Mn
MnBM14	SYF2	chrVII	750554	C	T	missense_variant	MODERATE	557.29	AC=1;AF=0.009091;AN=110;DP=2052;FS=0;MLEAC=1;MLEAF=0.009091;MQ=60;QD=32.78;SOR=1.739;ANN=T	YGR129W	c.155C>T	p.Ala52Val	Mn
MnBM42	SKN1	chrVII	775395	G	T	missense_variant	MODERATE	1164.29	AC=1;AF=0.009091;AN=110;DP=833;FS=0;MLEAC=1;MLEAF=0.009091;MQ=60;QD=34.24;SOR=1.418;ANN=T	YGR143W	c.203G>T	p.Gly68Val	Mn
CoBM8	NSR1	chrVII	806709	G	A	synonymous_variant	LOW	1057.29	AC=1;AF=0.009091;AN=110;DP=1296;FS=0;MLEAC=1;MLEAF=0.009091;MQ=60;QD=31.1;SOR=2.303;ANN=A	YGR159C	c.948C>T	p.Ser316Ser	Co
CoBM4	ERG1	chrVII	848366	C	A	missense_variant	MODERATE	873.29	AC=1;AF=0.009091;AN=110;DP=770;FS=0;MLEAC=1;MLEAF=0.009091;MQ=60;QD=32.72;SOR=1.179;ANN=A	YGR175C	c.58G>T	p.Asp20Tyr	Co
CuBM11	TFG1	chrVII	869872	T	C	missense_variant	MODERATE	4862.32	AC=6;AF=0.055;AN=110;DP=798;FS=0;MLEAC=6;MLEAF=0.055;MQ=60;QD=33.53;SOR=1.094;ANN=C	YGR186W	c.2099T>C	p.Phe700Ser	Cu
CuBM14	TFG1	chrVII	869872	T	C	missense_variant	MODERATE	4862.32	AC=6;AF=0.055;AN=110;DP=798;FS=0;MLEAC=6;MLEAF=0.055;MQ=60;QD=33.53;SOR=1.094;ANN=C	YGR186W	c.2099T>C	p.Phe700Ser	Cu
CuBM17	TFG1	chrVII	869872	T	C	missense_variant	MODERATE	4862.32	AC=6;AF=0.055;AN=110;DP=798;FS=0;MLEAC=6;MLEAF=0.055;MQ=60;QD=33.53;SOR=1.094;ANN=C	YGR186W	c.2099T>C	p.Phe700Ser	Cu
CuBM18	TFG1	chrVII	869872	T	C	missense_variant	MODERATE	4862.32	AC=6;AF=0.055;AN=110;DP=798;FS=0;MLEAC=6;MLEAF=0.055;MQ=60;QD=33.53;SOR=1.094;ANN=C	YGR186W	c.2099T>C	p.Phe700Ser	Cu
CuBM7	TFG1	chrVII	869872	T	C	missense_variant	MODERATE	4862.32	AC=6;AF=0.055;AN=110;DP=798;FS=0;MLEAC=6;MLEAF=0.055;MQ=60;QD=33.53;SOR=1.094;ANN=C	YGR186W	c.2099T>C	p.Phe700Ser	Cu
CuBM9	TFG1	chrVII	869872	T	C	missense_variant	MODERATE	4862.32	AC=6;AF=0.055;AN=110;DP=798;FS=0;MLEAC=6;MLEAF=0.055;MQ=60;QD=33.53;SOR=1.094;ANN=C	YGR186W	c.2099T>C	p.Phe700Ser	Cu
CoBM1	PDX1	chrVII	885051	G	C	missense_variant	MODERATE	936.29	AC=1;AF=0.009091;AN=110;DP=712;FS=0;MLEAC=1;MLEAF=0.009091;MQ=60;QD=29.54;SOR=0.846;ANN=C	YGR193C	c.691C>G	p.Leu231Val	Co
NiBM28	PHO81	chrVII	957826	T	A	stop_gained	HIGH	1178.29	AC=1;AF=0.009091;AN=110;DP=1003;FS=0;MLEAC=1;MLEAF=0.009091;MQ=60;QD=29.36;SOR=0.756;ANN=A	YGR233C	c.385A>T	p.Lys129*	Ni
MnBM42	CWC22	chrVII	1047684	G	A	synonymous_variant	LOW	1266.29	AC=1;AF=0.009091;AN=110;DP=1158;FS=0;MLEAC=1;MLEAF=0.009091;MQ=60;QD=30.89;SOR=0.741;ANN=A	YGR278W	c.954G>A	p.Ala318Ala	Mn
MnBM42	YOR1	chrVII	1053072	G	T	missense_variant	MODERATE	852.29	AC=1;AF=0.009091;AN=110;DP=488;FS=0;MLEAC=1;MLEAF=0.009091;MQ=60;QD=32.78;SOR=1.22;ANN=T	YGR281W	c.249G>T	p.Gln83His	Mn
CdBM32	YOR1	chrVII	1053612	C	T	synonymous_variant	LOW	639.29	AC=1;AF=0.009091;AN=110;DP=488;FS=0;MLEAC=1;MLEAF=0.009091;MQ=60;QD=33.65;SOR=0.793;ANN=T	YGR281W	c.789C>T	p.Asn263Asn	Cd
MnBM14	YOR1	chrVII	1055438	C	T	missense_variant	MODERATE	995.29	AC=1;AF=0.009091;AN=110;DP=495;FS=0;MLEAC=1;MLEAF=0.009091;MQ=60;QD=34.32;SOR=1.46;ANN=T	YGR281W	c.2615C>T	p.Ala872Val	Mn
MnBM42	IMA1	chrVII	1068655	A	G	missense_variant	MODERATE	952.29	AC=1;AF=0.009091;AN=110;DP=472;FS=0;MLEAC=1;MLEAF=0.009091;MQ=60;QD=31.74;SOR=1.536;ANN=G	YGR287C	c.337T>C	p.Cys113Arg	Mn
CoBM14	OCA5	chrVIII	47582	G	C	stop_gained	HIGH	538.29	AC=1;AF=0.009091;AN=110;DP=1163;FS=0;MLEAC=1;MLEAF=0.009091;MQ=60;QD=28.13;SOR=1.112;ANN=C	YHL029C	c.387C>G	p.Tyr129*	Co
CdBM29	SPO11	chrVIII	63926	CT	C	frameshift_variant	HIGH	263.59	AC=2;AF=0.018;AN=110;BaseQRankSum=0.792;DP=1057;FS=1.69;MLEAC=2;MLEAF=0.018;MQ=60;MQRankSum=0;QD=21.97;ReadPosRankSum=-0.92;SOR=0.378;ANN=C	YHL022C	c.231delA	p.Gly78fs	Cd
MnBM42	OPI1	chrVIII	66824	G	A	synonymous_variant	LOW	1056.29	AC=1;AF=0.009091;AN=110;DP=1066;FS=0;MLEAC=1;MLEAF=0.009091;MQ=60;QD=34.07;SOR=1.214;ANN=A	YHL020C	c.633C>T	p.Ser211Ser	Mn
CoBM16	MAS2	chrVIII	158818	A	T	synonymous_variant	LOW	390.29	AC=1;AF=0.009091;AN=110;DP=1526;FS=0;MLEAC=1;MLEAF=0.009091;MQ=60;QD=32.52;SOR=1.445;ANN=T	YHR024C	c.375T>A	p.Pro125Pro	Co
MnBM14	CIC1	chrVIII	211267	A	G	synonymous_variant	LOW	521.29	AC=1;AF=0.009091;AN=110;DP=438;FS=0;MLEAC=1;MLEAF=0.009091;MQ=60;QD=32.58;SOR=1.609;ANN=G	YHR052W	c.420A>G	p.Leu140Leu	Mn
CoBM20	MED6	chrVIII	219699	C	T	synonymous_variant	LOW	158.29	AC=1;AF=0.009091;AN=110;BaseQRankSum=3.25;DP=838;FS=0;MLEAC=1;MLEAF=0.009091;MQ=60;MQRankSum=0;QD=9.31;ReadPosRankSum=2.1;SOR=0.892;ANN=T	YHR058C	c.186G>A	p.Val62Val	Co
MnBM14	SSZ1	chrVIII	226595	C	T	missense_variant	MODERATE	701.29	AC=1;AF=0.009091;AN=110;DP=843;FS=0;MLEAC=1;MLEAF=0.009091;MQ=60;QD=26.97;SOR=1.402;ANN=T	YHR064C	c.547G>A	p.Ala183Thr	Mn
MnBM14	PCL5	chrVIII	237545	C	T	missense_variant	MODERATE	395.29	AC=1;AF=0.009091;AN=110;DP=953;FS=0;MLEAC=1;MLEAF=0.009091;MQ=60;QD=32.94;SOR=1.445;ANN=T	YHR071W	c.542C>T	p.Pro181Leu	Mn
MnBM14	ERG7	chrVIII	240532	C	T	missense_variant	MODERATE	545.29	AC=1;AF=0.009091;AN=110;DP=1031;FS=0;MLEAC=1;MLEAF=0.009091;MQ=60;QD=34.08;SOR=1.244;ANN=T	YHR072W	c.1435C>T	p.His479Tyr	Mn
CoBM12	KSP1	chrVIII	268511	C	G	missense_variant	MODERATE	450.29	AC=1;AF=0.009091;AN=110;DP=770;FS=0;MLEAC=1;MLEAF=0.009091;MQ=60;QD=31.27;SOR=1.445;ANN=G	YHR082C	c.3038G>C	p.Gly1013Ala	Co
CuBM9	KSP1	chrVIII	271417	A	C	synonymous_variant	LOW	596.29	AC=1;AF=0.009091;AN=110;DP=769;FS=0;MLEAC=1;MLEAF=0.009091;MQ=60;QD=31.54;SOR=0.941;ANN=C	YHR082C	c.132T>G	p.Val44Val	Cu
NiBM21	NAM8	chrVIII	278622	T	C	missense_variant	MODERATE	719.29	AC=1;AF=0.009091;AN=110;DP=770;FS=0;MLEAC=1;MLEAF=0.009091;MQ=60;QD=34.25;SOR=0.99;ANN=C	YHR086W	c.470T>C	p.Val157Ala	Ni
ZnBM16	ECM14	chrVIII	369079	C	G	missense_variant	MODERATE	680.29	AC=1;AF=0.009091;AN=110;DP=829;FS=0;MLEAC=1;MLEAF=0.009091;MQ=60;QD=32.39;SOR=0.784;ANN=G	YHR132C	c.716G>C	p.Trp239Ser	Zn
MnBM42	YCK1	chrVIII	373427	C	CT	frameshift_variant	HIGH	1053.25	AC=1;AF=0.009091;AN=110;DP=833;FS=0;MLEAC=1;MLEAF=0.009091;MQ=60;QD=31.92;SOR=1.542;ANN=CT	YHR135C	c.883dupA	p.Arg295fs	Mn
CdBM48	SPS100	chrVIII	378250	A	G	missense_variant	MODERATE	459.29	AC=1;AF=0.009091;AN=110;DP=825;FS=0;MLEAC=1;MLEAF=0.009091;MQ=60;QD=28.71;SOR=1.244;ANN=G	YHR139C	c.950T>C	p.Leu317Ser	Cd
MnBM14	LAM1	chrVIII	407313	C	T	stop_gained	HIGH	613.29	AC=1;AF=0.009091;AN=110;DP=840;FS=0;MLEAC=1;MLEAF=0.009091;MQ=60;QD=34.07;SOR=1.179;ANN=T	YHR155W	c.211C>T	p.Gln71*	Mn
MnBM14	LAM1	chrVIII	407513	C	T	synonymous_variant	LOW	540.29	AC=1;AF=0.009091;AN=110;DP=837;FS=0;MLEAC=1;MLEAF=0.009091;MQ=60;QD=33.77;SOR=1.609;ANN=T	YHR155W	c.411C>T	p.Asn137Asn	Mn
NiBM6	PRP8	chrVIII	432396	G	A	missense_variant	MODERATE	786.29	AC=1;AF=0.009091;AN=110;DP=795;FS=0;MLEAC=1;MLEAF=0.009091;MQ=60;QD=30.35;SOR=1.828;ANN=A	YHR165C	c.4553C>T	p.Ser1518Phe	Ni
NiBM4	PRP8	chrVIII	436626	G	A	missense_variant	MODERATE	861.29	AC=1;AF=0.009091;AN=110;DP=802;FS=0;MLEAC=1;MLEAF=0.009091;MQ=60;QD=29.7;SOR=0.826;ANN=A	YHR165C	c.323C>T	p.Thr108Ile	Ni
MnBM17	ERG9	chrVIII	484871	G	A	synonymous_variant	LOW	436.29	AC=1;AF=0.009091;AN=110;DP=896;FS=0;MLEAC=1;MLEAF=0.009091;MQ=60;QD=26.26;SOR=0.693;ANN=A	YHR190W	c.27G>A	p.Leu9Leu	Mn
MnBM42	YJL211C	chrX	37037	C	T	missense_variant	MODERATE	1239.29	AC=1;AF=0.009091;AN=110;DP=452;FS=0;MLEAC=1;MLEAF=0.009091;MQ=60;QD=31.78;SOR=1.096;ANN=T	YJL211C	c.164G>A	p.Cys55Tyr	Mn
MnBM42	NUC1	chrX	40977	A	T	missense_variant	MODERATE	1486.29	AC=1;AF=0.009091;AN=110;DP=451;FS=0;MLEAC=1;MLEAF=0.009091;MQ=60;QD=30.62;SOR=0.793;ANN=T	YJL208C	c.207T>A	p.His69Gln	Mn
ZnBM22	BUD19	chrX	76405	G	A	stop_gained	HIGH	839.29	AC=1;AF=0.009091;AN=110;DP=890;FS=0;MLEAC=1;MLEAF=0.009091;MQ=60;QD=34.97;SOR=1.519;ANN=A	YJL188C	c.106C>T	p.Gln36*	Zn
CoBM18	SET2	chrX	103711	G	A	missense_variant	MODERATE	1096.29	AC=1;AF=0.009091;AN=110;DP=711;FS=0;MLEAC=1;MLEAF=0.009091;MQ=60;QD=26.8;SOR=0.892;ANN=A	YJL168C	c.718C>T	p.Arg240Cys	Co
MnBM34	SFH5	chrX	145859	A	C	synonymous_variant	LOW	338.29	AC=1;AF=0.009091;AN=110;BaseQRankSum=-0.184;DP=502;FS=1.585;MLEAC=1;MLEAF=0.009091;MQ=60;MQRankSum=0;QD=11.28;ReadPosRankSum=0.705;SOR=0.307;ANN=C	YJL145W	c.700A>C	p.Arg234Arg	Mn
MnBM42	URA2	chrX	170952	A	G	synonymous_variant	LOW	948.29	AC=1;AF=0.009091;AN=110;DP=486;FS=0;MLEAC=1;MLEAF=0.009091;MQ=60;QD=26;SOR=1.101;ANN=G	YJL130C	c.1416T>C	p.Gly472Gly	Mn
ZnBM23	PBS2	chrX	178468	C	G	missense_variant	MODERATE	722.29	AC=1;AF=0.009091;AN=110;DP=499;FS=0;MLEAC=1;MLEAF=0.009091;MQ=60;QD=30.02;SOR=1.721;ANN=G	YJL128C	c.1636G>C	p.Asp546His	Zn
ZnBM39	PBS2	chrX	178937	C	A	missense_variant	MODERATE	669.29	AC=1;AF=0.009091;AN=110;DP=505;FS=0;MLEAC=1;MLEAF=0.009091;MQ=60;QD=27.89;SOR=0.859;ANN=A	YJL128C	c.1167G>T	p.Lys389Asn	Zn
CoBM16	TRL 1	chrX	270084	G	T	missense_variant	MODERATE	654.29	AC=1;AF=0.009091;AN=110;DP=799;FS=0;MLEAC=1;MLEAF=0.009091;MQ=60;QD=32.71;SOR=1.127;ANN=T	YJL087C	c.2402C>A	p.Ser801Tyr	Co
CoBM16	ALY2	chrX	277922	CA	C	frameshift_variant	HIGH	540.25	AC=1;AF=0.009091;AN=110;DP=790;FS=0;MLEAC=1;MLEAF=0.009091;MQ=60;QD=30.67;SOR=2.448;ANN=C	YJL084C	c.80delT	p.Leu27fs	Co
MnBM42	YHC3	chrX	325172	G	T	missense_variant	MODERATE	1696.29	AC=1;AF=0.009091;AN=110;DP=831;FS=0;MLEAC=1;MLEAF=0.009091;MQ=60;QD=34.62;SOR=0.909;ANN=T	YJL059W	c.209G>T	p.Arg70Ile	Mn
MnBM42	TIM54	chrX	334668	A	C	missense_variant	MODERATE	1279.29	AC=1;AF=0.009091;AN=110;DP=816;FS=0;MLEAC=1;MLEAF=0.009091;MQ=60;QD=29.2;SOR=1.949;ANN=C	YJL054W	c.404A>C	p.Asn135Thr	Mn
MnBM42	IRC8	chrX	340621	G	T	missense_variant	MODERATE	1093.29	AC=1;AF=0.009091;AN=110;DP=814;FS=0;MLEAC=1;MLEAF=0.009091;MQ=60;QD=34.17;SOR=0.957;ANN=T	YJL051W	c.835G>T	p.Val279Phe	Mn
MnBM42	MTR4	chrX	342637	A	G	missense_variant	MODERATE	1029.29	AC=1;AF=0.009091;AN=110;DP=923;FS=0;MLEAC=1;MLEAF=0.009091;MQ=60;QD=32.17;SOR=1.681;ANN=G	YJL050W	c.116A>G	p.Gln39Arg	Mn
MnBM42	MHP1	chrX	362671	G	T	stop_gained	HIGH	1116.29	AC=1;AF=0.009091;AN=110;DP=1324;FS=0;MLEAC=1;MLEAF=0.009091;MQ=60;QD=34.88;SOR=1.112;ANN=T	YJL042W	c.1423G>T	p.Glu475*	Mn
CoBM3	VTC4	chrX	411818	CG	C	frameshift_variant	HIGH	564.25	AC=1;AF=0.009091;AN=110;DP=777;FS=0;MLEAC=1;MLEAF=0.009091;MQ=60;QD=32.25;SOR=2.147;ANN=C	YJL012C	c.1581delC	p.Gly528fs	Co
CoBM3	VTC4	chrX	411821	G	C	missense_variant	MODERATE	564.29	AC=1;AF=0.009091;AN=110;DP=777;FS=0;MLEAC=1;MLEAF=0.009091;MQ=60;QD=34.86;SOR=2.147;ANN=C	YJL012C	c.1579C>G	p.Pro527Ala	Co
CoBM2	VTC4	chrX	412379	C	A	stop_gained	HIGH	695.29	AC=1;AF=0.009091;AN=110;DP=784;FS=0;MLEAC=1;MLEAF=0.009091;MQ=60;QD=34.76;SOR=2.093;ANN=A	YJL012C	c.1021G>T	p.Glu341*	Co
CoBM6	VTC4	chrX	413090	C	A	stop_gained	HIGH	731.29	AC=1;AF=0.009091;AN=110;DP=784;FS=0;MLEAC=1;MLEAF=0.009091;MQ=60;QD=32.49;SOR=0.693;ANN=A	YJL012C	c.310G>T	p.Glu104*	Co
MnBM42	RAD26	chrX	498452	G	T	missense_variant	MODERATE	874.29	AC=1;AF=0.009091;AN=110;DP=411;FS=0;MLEAC=1;MLEAF=0.009091;MQ=60;QD=31.18;SOR=0.693;ANN=T	YJR035W	c.1098G>T	p.Gln366His	Mn
MnBM42	TAH11	chrX	522532	C	T	missense_variant	MODERATE	1152.29	AC=1;AF=0.009091;AN=110;DP=648;FS=0;MLEAC=1;MLEAF=0.009091;MQ=60;QD=33.89;SOR=0.811;ANN=T	YJR046W	c.485C>T	p.Thr162Ile	Mn
ZnBM47	PTK2	chrX	546347	C	G	stop_gained	HIGH	948.29	AC=1;AF=0.009091;AN=110;DP=757;FS=0;MLEAC=1;MLEAF=0.009091;MQ=60;QD=33.87;SOR=1.179;ANN=G	YJR059W	c.561C>G	p.Tyr187*	Zn
ZnBM43	PTK2	chrX	546698	AG	A	frameshift_variant	HIGH	1194.25	AC=1;AF=0.009091;AN=110;BaseQRankSum=0.756;DP=758;FS=0;MLEAC=1;MLEAF=0.009091;MQ=60;MQRankSum=0;QD=28.65;ReadPosRankSum=-1.258;SOR=0.223;ANN=A	YJR059W	c.913delG	p.Glu305fs	Zn
ZnBM43	PTK2	chrX	546700	A	T	missense_variant	MODERATE	1194.29	AC=1;AF=0.009091;AN=110;BaseQRankSum=-0.535;DP=759;FS=0;MLEAC=1;MLEAF=0.009091;MQ=60;MQRankSum=0;QD=28.44;ReadPosRankSum=-1.258;SOR=0.223;ANN=T	YJR059W	c.914A>T	p.Glu305Val	Zn
CoBM8	PTK2	chrX	547433	TAG	T	frameshift_variant	HIGH	1688.25	AC=1;AF=0.009091;AN=110;DP=755;FS=0;MLEAC=1;MLEAF=0.009091;MQ=60;QD=35.95;SOR=0.743;ANN=T	YJR059W	c.1649_1650delGA	p.Arg550fs	Co
CoBM8	PTK2	chrX	547441	C	T	missense_variant	MODERATE	1725.29	AC=1;AF=0.009091;AN=110;DP=756;FS=0;MLEAC=1;MLEAF=0.009091;MQ=60;QD=33.53;SOR=0.793;ANN=T	YJR059W	c.1655C>T	p.Thr552Ile	Co
MnBM18	BIR1	chrX	588774	C	T	missense_variant	MODERATE	340.29	AC=1;AF=0.009091;AN=110;DP=746;FS=0;MLEAC=1;MLEAF=0.009091;MQ=60;QD=36.33;SOR=3.056;ANN=T	YJR089W	c.1057C>T	p.Arg353Cys	Mn
CoBM14	GRR1	chrX	591908	G	A	missense_variant	MODERATE	165.29	AC=1;AF=0.009091;AN=110;BaseQRankSum=0.967;DP=747;FS=0;MLEAC=1;MLEAF=0.009091;MQ=60;MQRankSum=0;QD=16.53;ReadPosRankSum=0.524;SOR=0.527;ANN=A	YJR090C	c.2420C>T	p.Ser807Phe	Co
MnBM23	TRT2	chrXI	46762	TC	T	frameshift_variant	HIGH	563.25	AC=1;AF=0.009091;AN=110;DP=2091;FS=0;MLEAC=1;MLEAF=0.009091;MQ=60;QD=33.13;SOR=1.061;ANN=T	tT(CGU)K	c.44delG	p.Gly15fs	Mn
NiBM24	LOS1	chrXI	53317	A	G	synonymous_variant	LOW	1104.29	AC=1;AF=0.009091;AN=110;DP=1125;FS=0;MLEAC=1;MLEAF=0.009091;MQ=60;QD=29.85;SOR=0.984;ANN=G	YKL205W	c.3267A>G	p.Val1089Val	Ni
MnBM42	ZRT3	chrXI	118899	G	A	missense_variant	MODERATE	809.29	AC=1;AF=0.009091;AN=110;DP=1520;FS=0;MLEAC=1;MLEAF=0.009091;MQ=60;QD=32.37;SOR=0.941;ANN=A	YKL175W	c.107G>A	p.Arg36His	Mn
MnBM14	YPK1	chrXI	206869	A	T	missense_variant	MODERATE	1147.29	AC=1;AF=0.009091;AN=110;DP=749;FS=0;MLEAC=1;MLEAF=0.009091;MQ=60;QD=34.77;SOR=0.752;ANN=T	YKL126W	c.1163A>T	p.Glu388Val	Mn
CoBM2	HSL1	chrXI	249736	A	C	missense_variant	MODERATE	771.29	AC=1;AF=0.009091;AN=110;DP=809;FS=0;MLEAC=1;MLEAF=0.009091;MQ=60;QD=33;SOR=1.085;ANN=C	YKL101W	c.817A>C	p.Thr273Pro	Co
CoBM14	CYT2	chrXI	277675	G	A	synonymous_variant	LOW	449.29	AC=1;AF=0.009091;AN=110;BaseQRankSum=-1.993;DP=815;FS=0;MLEAC=1;MLEAF=0.009091;MQ=60;MQRankSum=0;QD=20.42;ReadPosRankSum=-0.767;SOR=0.859;ANN=A	YKL087C	c.189C>T	p.Ser63Ser	Co
MnBM24	PRI2	chrXI	354438	G	T	missense_variant	MODERATE	569.29	AC=1;AF=0.009091;AN=110;DP=675;FS=0;MLEAC=1;MLEAF=0.009091;MQ=60;QD=29.96;SOR=0.793;ANN=T	YKL045W	c.946G>T	p.Asp316Tyr	Mn
CoBM6	URB1	chrXI	415085	T	G	missense_variant	MODERATE	911.29	AC=1;AF=0.009091;AN=110;DP=1866;FS=0;MLEAC=1;MLEAF=0.009091;MQ=60;QD=32.01;SOR=0.941;ANN=G	YKL014C	c.1829A>C	p.Glu610Ala	Co
MnBM34	UTH1	chrXI	519756	C	A	stop_gained	HIGH	748.29	AC=1;AF=0.009091;AN=110;BaseQRankSum=0.44;DP=1389;FS=3.51;MLEAC=1;MLEAF=0.009091;MQ=60;MQRankSum=0;QD=31.18;ReadPosRankSum=0.576;SOR=2.303;ANN=A	YKR042W	c.230C>A	p.Ser77*	Mn
MnBM42	UIP5	chrXI	522478	C	T	missense_variant	MODERATE	938.29	AC=1;AF=0.009091;AN=110;DP=1149;FS=0;MLEAC=1;MLEAF=0.009091;MQ=60;QD=32.35;SOR=1.46;ANN=T	YKR044W	c.464C>T	p.Ala155Val	Mn
CoBM3	TRK2	chrXI	529178	A	C	missense_variant	MODERATE	780.29	AC=1;AF=0.009091;AN=110;DP=2168;FS=0;MLEAC=1;MLEAF=0.009091;MQ=60;QD=31.21;SOR=1.136;ANN=C	YKR050W	c.1364A>C	p.Glu455Ala	Co
CoBM6	NFT1	chrXI	655246	A	G	missense_variant	MODERATE	1402.29	AC=1;AF=0.009091;AN=110;DP=827;FS=0;MLEAC=1;MLEAF=0.009091;MQ=60;QD=31.66;SOR=0.793;ANN=G	YKR103W	c.2167A>G	p.Ile723Val	Co
CoBM5	YCT1	chrXII	30835	C	G	missense_variant	MODERATE	744.29	AC=1;AF=0.009091;AN=110;DP=538;FS=0;MLEAC=1;MLEAF=0.009091;MQ=60;QD=28.73;SOR=1.23;ANN=G	YLL055W	c.727C>G	p.Pro243Ala	Co
MnBM38	FRE6	chrXII	37938	T	C	missense_variant	MODERATE	1344.29	AC=1;AF=0.009091;AN=110;DP=555;FS=0;MLEAC=1;MLEAF=0.009091;MQ=60;QD=32.79;SOR=0.741;ANN=C	YLL051C	c.1534A>G	p.Ser512Gly	Mn
MnBM42	VPS13	chrXII	54731	C	T	missense_variant	MODERATE	1154.29	AC=1;AF=0.009091;AN=110;DP=876;FS=0;MLEAC=1;MLEAF=0.009091;MQ=60;QD=33.95;SOR=1.085;ANN=T	YLL040C	c.8915G>A	p.Gly2972Asp	Mn
MnBM42	VPS13	chrXII	56151	C	A	missense_variant	MODERATE	1136.29	AC=1;AF=0.009091;AN=110;DP=878;FS=0;MLEAC=1;MLEAF=0.009091;MQ=60;QD=31.56;SOR=1.061;ANN=A	YLL040C	c.7495G>T	p.Val2499Phe	Mn
ZnBM44	HSP104	chrXII	90370	A	T	missense_variant	MODERATE	783.29	AC=1;AF=0.009091;AN=110;DP=802;FS=0;MLEAC=1;MLEAF=0.009091;MQ=60;QD=25;SOR=0.874;ANN=T	YLL026W	c.1748A>T	p.Gln583Leu	Zn
CdBM37	UBR2	chrXII	191296	GA	G	frameshift_variant	HIGH	240.25	AC=1;AF=0.009091;AN=110;DP=1552;FS=6.99;MLEAC=1;MLEAF=0.009091;MQ=60;MQRankSum=0;QD=24.02;SOR=3.02;ANN=G	YLR024C	c.1985delT	p.Phe662fs	Cd
NiBM27	SNF7	chrXII	195133	GA	G	frameshift_variant	HIGH	663.25	AC=1;AF=0.009091;AN=110;DP=1534;FS=0;MLEAC=1;MLEAF=0.009091;MQ=60;QD=31.58;SOR=1.508;ANN=G	YLR025W	c.687delA	p.Ala230fs	Ni
MnBM42	IES3	chrXII	247694	T	A	missense_variant	MODERATE	1067.29	AC=1;AF=0.009091;AN=110;DP=951;FS=0;MLEAC=1;MLEAF=0.009091;MQ=60;QD=29.74;SOR=1.688;ANN=A	YLR052W	c.494T>A	p.Leu165Gln	Mn
MnBM42	RPL22A	chrXII	263199	C	T	synonymous_variant	LOW	1256.29	AC=1;AF=0.009091;AN=110;DP=798;FS=0;MLEAC=1;MLEAF=0.009091;MQ=60;QD=34.9;SOR=0.693;ANN=T	YLR061W	c.6C>T	p.Ala2Ala	Mn
MnBM42	HRT3	chrXII	337183	C	A	missense_variant	MODERATE	1162.29	AC=1;AF=0.009091;AN=110;DP=1413;FS=0;MLEAC=1;MLEAF=0.009091;MQ=60;QD=33.21;SOR=1.148;ANN=A	YLR097C	c.83G>T	p.Gly28Val	Mn
MnBM12	ERG27	chrXII	341936	C	A	missense_variant	MODERATE	728.29	AC=1;AF=0.009091;AN=110;DP=707;FS=0;MLEAC=1;MLEAF=0.009091;MQ=60;QD=25.81;SOR=0.693;ANN=A	YLR100W	c.127C>A	p.Pro43Thr	Mn
MnBM32	MDN1	chrXII	366244	G	A	upstream_gene_variant	MODIFIER	804.29	AC=1;AF=0.009091;AN=110;DP=635;FS=0;MLEAC=1;MLEAF=0.009091;MQ=60;QD=30.82;SOR=2.2;ANN=A	YLR106C	c.-2506C>T	NA	Mn
MnBM31	CCW12	chrXII	369713	G	T	missense_variant	MODERATE	617.29	AC=1;AF=0.009091;AN=110;DP=635;FS=0;MLEAC=1;MLEAF=0.009091;MQ=60;QD=28.06;SOR=3.258;ANN=T	YLR110C	c.386C>A	p.Ala129Asp	Mn
CoBM2	APC2	chrXII	397423	C	T	synonymous_variant	LOW	557.29	AC=1;AF=0.009091;AN=110;DP=612;FS=0;MLEAC=1;MLEAF=0.009091;MQ=60;QD=32.78;SOR=0.804;ANN=T	YLR127C	c.897G>A	p.Lys299Lys	Co
MnBM32	RMP1	chrXII	432455	A	T	synonymous_variant	LOW	774.29	AC=1;AF=0.009091;AN=110;DP=556;FS=0;MLEAC=1;MLEAF=0.009091;MQ=60;QD=33.66;SOR=1.179;ANN=T	YLR145W	c.288A>T	p.Gly96Gly	Mn
NiBM12	YLR198C	chrXII	548748	G	A	upstream_gene_variant	MODIFIER	566.29	AC=1;AF=0.009091;AN=110;DP=774;FS=0;MLEAC=1;MLEAF=0.009091;MQ=60;QD=33.31;SOR=0.804;ANN=A	YLR198C	c.-1103C>T	NA	Ni
MnBM42	ECM22	chrXII	600763	G	A	synonymous_variant	LOW	868.29	AC=1;AF=0.009091;AN=110;DP=1572;FS=0;MLEAC=1;MLEAF=0.009091;MQ=60;QD=31.92;SOR=1.051;ANN=A	YLR228C	c.1701C>T	p.Tyr567Tyr	Mn
MnBM42	IRC20	chrXII	633065	G	A	missense_variant	MODERATE	1013.29	AC=1;AF=0.009091;AN=110;DP=1833;FS=0;MLEAC=1;MLEAF=0.009091;MQ=60;QD=29.75;SOR=0.836;ANN=A	YLR247C	c.290C>T	p.Ala97Val	Mn
NiBM30	RCK2	chrXII	634675	G	A	missense_variant	MODERATE	915.29	AC=1;AF=0.009091;AN=110;DP=1832;FS=0;MLEAC=1;MLEAF=0.009091;MQ=60;QD=33.9;SOR=0.765;ANN=A	YLR248W	c.424G>A	p.Asp142Asn	Ni
CoBM12	VPS63	chrXII	668352	C	G	missense_variant	MODERATE	549.29	AC=1;AF=0.009091;AN=110;DP=1668;FS=0;MLEAC=1;MLEAF=0.009091;MQ=60;QD=33.61;SOR=0.818;ANN=G	YLR261C	c.212G>C	p.Ser71Thr	Co
CoBM3	RED1	chrXII	672772	T	C	synonymous_variant	LOW	914.29	AC=1;AF=0.009091;AN=110;DP=2006;FS=0;MLEAC=1;MLEAF=0.009091;MQ=60;QD=24.88;SOR=1.828;ANN=C	YLR263W	c.2433T>C	p.Asp811Asp	Co
MnBM42	MCM5	chrXII	693876	T	C	synonymous_variant	LOW	1124.29	AC=1;AF=0.009091;AN=110;DP=886;FS=0;MLEAC=1;MLEAF=0.009091;MQ=60;QD=33.07;SOR=1.418;ANN=C	YLR274W	c.2322T>C	p.Gly774Gly	Mn
CoBM5	YHC1	chrXII	724909	T	C	missense_variant	MODERATE	1112.29	AC=1;AF=0.009091;AN=110;DP=1035;FS=0;MLEAC=1;MLEAF=0.009091;MQ=60;QD=31.26;SOR=0.892;ANN=C	YLR298C	c.508A>G	p.Asn170Asp	Co
MnBM21	CDC25	chrXII	752946	AT	A	frameshift_variant	HIGH	813.25	AC=1;AF=0.009091;AN=110;DP=939;FS=0;MLEAC=1;MLEAF=0.009091;MQ=60;QD=33.89;SOR=1.051;ANN=A	YLR310C	c.4047delA	p.Lys1349fs	Mn
MnBM25	CDC25	chrXII	753045	C	A	stop_gained	HIGH	768.29	AC=1;AF=0.009091;AN=110;DP=935;FS=0;MLEAC=1;MLEAF=0.009091;MQ=60;QD=34.92;SOR=0.874;ANN=A	YLR310C	c.3949G>T	p.Glu1317*	Mn
MnBM18	CDC25	chrXII	753381	TCAAAAATGTTCTCATAATGTTGAC	T	conservative_inframe_deletion	MODERATE	575.25	AC=1;AF=0.009091;AN=110;DP=931;FS=0;MLEAC=1;MLEAF=0.009091;MQ=60;QD=27.18;SOR=0.976;ANN=T	YLR310C	c.3589_3612delGTCAACATTATGAGAACATTTTTG	p.Val1197_Leu1204del	Mn
MnBM23	CDC25	chrXII	755637	A	T	missense_variant	MODERATE	609.29	AC=1;AF=0.009091;AN=110;DP=931;FS=0;MLEAC=1;MLEAF=0.009091;MQ=60;QD=30.07;SOR=1.329;ANN=T	YLR310C	c.1357T>A	p.Tyr453Asn	Mn
MnBM23	CDC25	chrXII	755641	A	T	stop_gained	HIGH	609.29	AC=1;AF=0.009091;AN=110;DP=931;FS=0;MLEAC=1;MLEAF=0.009091;MQ=60;QD=29.53;SOR=1.329;ANN=T	YLR310C	c.1353T>A	p.Tyr451*	Mn
MnBM24	CDC25	chrXII	755784	T	A	missense_variant	MODERATE	744.29	AC=1;AF=0.009091;AN=110;DP=929;FS=0;MLEAC=1;MLEAF=0.009091;MQ=60;QD=31.23;SOR=1.061;ANN=A	YLR310C	c.1210A>T	p.Asn404Tyr	Mn
MnBM24	CDC25	chrXII	755785	A	T	missense_variant	MODERATE	744.29	AC=1;AF=0.009091;AN=110;DP=929;FS=0;MLEAC=1;MLEAF=0.009091;MQ=60;QD=31.65;SOR=1.061;ANN=T	YLR310C	c.1209T>A	p.Asn403Lys	Mn
MnBM24	CDC25	chrXII	755790	TA	T	frameshift_variant	HIGH	744.25	AC=1;AF=0.009091;AN=110;DP=929;FS=0;MLEAC=1;MLEAF=0.009091;MQ=60;QD=33.74;SOR=1.061;ANN=T	YLR310C	c.1203delT	p.Asp401fs	Mn
MnBM27	CDC25	chrXII	755841	G	GT	frameshift_variant	HIGH	579.25	AC=1;AF=0.009091;AN=110;DP=933;FS=0;MLEAC=1;MLEAF=0.009091;MQ=60;QD=30.49;SOR=1.292;ANN=GT	YLR310C	c.1152dupA	p.Gln385fs	Mn
MnBM20	CDC25	chrXII	755855	A	T	missense_variant	MODERATE	1349.29	AC=1;AF=0.009091;AN=110;DP=939;FS=0;MLEAC=1;MLEAF=0.009091;MQ=60;QD=31.8;SOR=1.402;ANN=T	YLR310C	c.1139T>A	p.Leu380His	Mn
MnBM20	CDC25	chrXII	755857	GC	G	frameshift_variant	HIGH	1349.25	AC=1;AF=0.009091;AN=110;DP=938;FS=0;MLEAC=1;MLEAF=0.009091;MQ=60;QD=27.96;SOR=1.402;ANN=G	YLR310C	c.1136delG	p.Ser379fs	Mn
MnBM15	CDC25	chrXII	755928	TC	T	frameshift_variant	HIGH	1234.25	AC=1;AF=0.009091;AN=110;DP=947;FS=0;MLEAC=1;MLEAF=0.009091;MQ=60;QD=32.64;SOR=0.756;ANN=T	YLR310C	c.1065delG	p.Arg356fs	Mn
MnBM32	CDC25	chrXII	756549	GC	G	frameshift_variant	HIGH	578.25	AC=1;AF=0.009091;AN=110;DP=936;FS=0;MLEAC=1;MLEAF=0.009091;MQ=60;QD=33.69;SOR=1.609;ANN=G	YLR310C	c.444delG	p.Arg148fs	Mn
MnBM42	REC102	chrXII	787194	T	G	missense_variant	MODERATE	1431.29	AC=1;AF=0.009091;AN=110;DP=849;FS=0;MLEAC=1;MLEAF=0.009091;MQ=60;QD=32.72;SOR=0.902;ANN=G	YLR329W	c.656T>G	p.Val219Gly	Mn
MnBM32	VRP1	chrXII	804694	G	A	missense_variant	MODERATE	355.29	AC=1;AF=0.009091;AN=110;DP=924;FS=0;MLEAC=1;MLEAF=0.009091;MQ=60;QD=29.03;SOR=1.609;ANN=A	YLR337C	c.413C>T	p.Ala138Val	Mn
CdBM30	SPO77	chrXII	807779	CA	C	frameshift_variant	HIGH	700.25	AC=1;AF=0.009091;AN=110;DP=929;FS=0;MLEAC=1;MLEAF=0.009091;MQ=60;QD=29.18;SOR=0.859;ANN=C	YLR341W	c.404delA	p.Asn135fs	Cd
MnBM14	MDM30	chrXII	858040	C	T	synonymous_variant	LOW	962.29	AC=1;AF=0.009091;AN=110;DP=848;FS=0;MLEAC=1;MLEAF=0.009091;MQ=60;QD=33.18;SOR=0.76;ANN=T	YLR368W	c.501C>T	p.Tyr167Tyr	Mn
CoBM15	SSQ1	chrXII	860006	C	T	missense_variant	MODERATE	777.29	AC=1;AF=0.009091;AN=110;DP=839;FS=0;MLEAC=1;MLEAF=0.009091;MQ=60;QD=32.38;SOR=1.23;ANN=T	YLR369W	c.455C>T	p.Pro152Leu	Co
ZnBM28	YLR372W	chrXII	868274	C	A	stop_gained	HIGH	877.29	AC=1;AF=0.009091;AN=110;DP=840;FS=0;MLEAC=1;MLEAF=0.009091;MQ=60;QD=32.72;SOR=1.179;ANN=A	YLR372W	c.921C>A	p.Tyr307*	Zn
MnBM42	VID22	chrXII	871029	G	A	synonymous_variant	LOW	727.29	AC=1;AF=0.009091;AN=110;DP=836;FS=0;MLEAC=1;MLEAF=0.009091;MQ=60;QD=29.54;SOR=1.127;ANN=A	YLR373C	c.339C>T	p.Ser113Ser	Mn
CoBM21	STP3	chrXII	871981	T	A	synonymous_variant	LOW	870.29	AC=1;AF=0.009091;AN=110;DP=850;FS=0;MLEAC=1;MLEAF=0.009091;MQ=60;QD=34.81;SOR=0.77;ANN=A	YLR375W	c.285T>A	p.Ala95Ala	Co
CdBM29	SFP1	chrXII	926537	C	T	stop_gained	HIGH	360.29	AC=1;AF=0.009091;AN=110;DP=853;FS=0;MLEAC=1;MLEAF=0.009091;MQ=60;QD=35.9;SOR=1.085;ANN=T	YLR403W	c.970C>T	p.Gln324*	Cd
CdBM30	SFP1	chrXII	927434	C	T	missense_variant	MODERATE	567.29	AC=1;AF=0.009091;AN=110;DP=858;FS=0;MLEAC=1;MLEAF=0.009091;MQ=60;QD=29.86;SOR=1.981;ANN=T	YLR403W	c.1867C>T	p.His623Tyr	Cd
CoBM7	SFP1	chrXII	927464	G	A	missense_variant	MODERATE	877.29	AC=1;AF=0.009091;AN=110;DP=857;FS=0;MLEAC=1;MLEAF=0.009091;MQ=60;QD=33.74;SOR=1.022;ANN=A	YLR403W	c.1897G>A	p.Asp633Asn	Co
CdBM25	SFP1	chrXII	927603	GC	G	frameshift_variant	HIGH	1091.25	AC=1;AF=0.009091;AN=110;DP=871;FS=0;MLEAC=1;MLEAF=0.009091;MQ=60;QD=33.21;SOR=1.143;ANN=G	YLR403W	c.2038delC	p.His680fs	Cd
CoBM6	DUS4	chrXII	930419	C	T	synonymous_variant	LOW	1081.29	AC=1;AF=0.009091;AN=110;DP=869;FS=0;MLEAC=1;MLEAF=0.009091;MQ=60;QD=34.88;SOR=0.756;ANN=T	YLR405W	c.631C>T	p.Leu211Leu	Co
MnBM42	UTP21	chrXII	936628	T	C	synonymous_variant	LOW	1309.29	AC=1;AF=0.009091;AN=110;DP=885;FS=0;MLEAC=1;MLEAF=0.009091;MQ=60;QD=34.45;SOR=2.554;ANN=C	YLR409C	c.606A>G	p.Ser202Ser	Mn
MnBM32	TUS1	chrXII	984340	T	C	synonymous_variant	LOW	1005.29	AC=1;AF=0.009091;AN=110;DP=444;FS=0;MLEAC=1;MLEAF=0.009091;MQ=60;QD=28.47;SOR=1.382;ANN=C	YLR425W	c.1447T>C	p.Leu483Leu	Mn
NiBM4	PHO84	chrXIII	24560	T	TC	frameshift_variant	HIGH	1313.25	AC=1;AF=0.009091;AN=110;DP=1068;FS=0;MLEAC=1;MLEAF=0.009091;MQ=60;QD=30.36;SOR=1.061;ANN=TC	YML123C	c.1240dupG	p.Asp414fs	Ni
NiBM11	PHO84	chrXIII	25111	G	T	frameshift_variant	HIGH	1971.63	AC=1;AF=0.009091;AN=110;DP=1068;FS=0;MLEAC=1;MLEAF=0.009091;MQ=60;QD=30.36;SOR=1.061;ANN=TC	YML123C	c.1240dupG	p.Asp414fs	Ni
ZnBM11	PHO84	chrXIII	25111	G	T	stop_gained	HIGH	1971.63	AC=2;AF=0.018;AN=110;DP=1059;FS=0;MLEAC=2;MLEAF=0.018;MQ=60;QD=33.99;SOR=0.836;ANN=T	YML123C	c.690C>A	p.Tyr230*	Zn
CoBM1	PHO84	chrXIII	25178	C	T	stop_gained	HIGH	2125.63	AC=2;AF=0.018;AN=110;DP=1061;FS=0;MLEAC=2;MLEAF=0.018;MQ=60;QD=34.28;SOR=1.234;ANN=T	YML123C	c.623G>A	p.Trp208*	Co
ZnBM38	PHO84	chrXIII	25178	C	T	stop_gained	HIGH	2125.63	AC=2;AF=0.018;AN=110;DP=1061;FS=0;MLEAC=2;MLEAF=0.018;MQ=60;QD=34.28;SOR=1.234;ANN=T	YML123C	c.623G>A	p.Trp208*	Zn
ZnBM42	PHO84	chrXIII	25233	CA	C	frameshift_variant	HIGH	551.25	AC=1;AF=0.009091;AN=110;BaseQRankSum=0.645;DP=1038;FS=0;MLEAC=1;MLEAF=0.009091;MQ=60;MQRankSum=0;QD=30.62;ReadPosRankSum=1.16;SOR=0.387;ANN=C	YML123C	c.567delT	p.Phe189fs	Zn
NiBM9	PHO84	chrXIII	25469	GT	G	frameshift_variant	HIGH	1512.25	AC=1;AF=0.009091;AN=110;DP=1053;FS=0;MLEAC=1;MLEAF=0.009091;MQ=60;QD=28.13;SOR=0.914;ANN=G	YML123C	c.331delA	p.Thr111fs	Ni
CoBM1	TAF8	chrXIII	42805	C	A	synonymous_variant	LOW	951.29	AC=1;AF=0.009091;AN=110;DP=1282;FS=0;MLEAC=1;MLEAF=0.009091;MQ=60;QD=30.69;SOR=1.044;ANN=A	YML114C	c.771G>T	p.Ala257Ala	Co
CoBM7	BUL2	chrXIII	48465	T	A	missense_variant	MODERATE	764.29	AC=1;AF=0.009091;AN=110;DP=1581;FS=0;MLEAC=1;MLEAF=0.009091;MQ=60;QD=31.85;SOR=0.693;ANN=A	YML111W	c.1524T>A	p.Asn508Lys	Co
MnBM42	ZDS2	chrXIII	53046	C	T	synonymous_variant	LOW	1534.29	AC=1;AF=0.009091;AN=110;DP=2469;FS=0;MLEAC=1;MLEAF=0.009091;MQ=60;QD=25.41;SOR=0.859;ANN=T	YML109W	c.1407C>T	p.Asn469Asn	Mn
MnBM42	WAR1	chrXIII	112816	C	T	missense_variant	MODERATE	1025.29	AC=1;AF=0.009091;AN=110;DP=864;FS=0;MLEAC=1;MLEAF=0.009091;MQ=60;QD=33.07;SOR=0.756;ANN=T	YML076C	c.2532G>A	p.Met844Ile	Mn
MnBM42	WAR1	chrXIII	114669	G	T	missense_variant	MODERATE	1002.29	AC=1;AF=0.009091;AN=110;DP=860;FS=0;MLEAC=1;MLEAF=0.009091;MQ=60;QD=36.09;SOR=2.67;ANN=T	YML076C	c.679C>A	p.Pro227Thr	Mn
CuBM4	RSE1	chrXIII	176494	G	A	synonymous_variant	LOW	2275.55	AC=4;AF=0.036;AN=110;BaseQRankSum=0.894;DP=523;FS=0;MLEAC=4;MLEAF=0.036;MQ=60;MQRankSum=0;QD=32.05;ReadPosRankSum=1.03;SOR=0.582;ANN=A	YML049C	c.1812C>T	p.Thr604Thr	Cu
CuBM10	RSE1	chrXIII	176494	G	A	synonymous_variant	LOW	2275.55	AC=4;AF=0.036;AN=110;BaseQRankSum=0.894;DP=523;FS=0;MLEAC=4;MLEAF=0.036;MQ=60;MQRankSum=0;QD=32.05;ReadPosRankSum=1.03;SOR=0.582;ANN=A	YML049C	c.1812C>T	p.Thr604Thr	Cu
CuBM12	RSE1	chrXIII	176494	G	A	synonymous_variant	LOW	2275.55	AC=4;AF=0.036;AN=110;BaseQRankSum=0.894;DP=523;FS=0;MLEAC=4;MLEAF=0.036;MQ=60;MQRankSum=0;QD=32.05;ReadPosRankSum=1.03;SOR=0.582;ANN=A	YML049C	c.1812C>T	p.Thr604Thr	Cu
CuBM13	RSE1	chrXIII	176494	G	A	synonymous_variant	LOW	2275.55	AC=4;AF=0.036;AN=110;BaseQRankSum=0.894;DP=523;FS=0;MLEAC=4;MLEAF=0.036;MQ=60;MQRankSum=0;QD=32.05;ReadPosRankSum=1.03;SOR=0.582;ANN=A	YML049C	c.1812C>T	p.Thr604Thr	Cu
MnBM42	USA1	chrXIII	217976	G	T	missense_variant	MODERATE	1043.29	AC=1;AF=0.009091;AN=110;DP=939;FS=0;MLEAC=1;MLEAF=0.009091;MQ=60;QD=33.65;SOR=1.214;ANN=T	YML029W	c.615G>T	p.Gln205His	Mn
CdBM37	YML018C	chrXIII	236652	CT	C	upstream_gene_variant	MODIFIER	406.25	AC=1;AF=0.009091;AN=110;BaseQRankSum=1.65;DP=1167;FS=1.737;MLEAC=1;MLEAF=0.009091;MQ=60;MQRankSum=0;QD=25.39;ReadPosRankSum=1.65;SOR=0.846;ANN=C	YML018C	c.-701delA	NA	Cd
CoBM5	PLB2	chrXIII	278590	G	C	missense_variant	MODERATE	660.29	AC=1;AF=0.009091;AN=110;DP=917;FS=0;MLEAC=1;MLEAF=0.009091;MQ=60;QD=34.75;SOR=1.022;ANN=C	YMR006C	c.1092C>G	p.Asn364Lys	Co
CoBM20	SPO20	chrXIII	308479	C	T	stop_gained	HIGH	374.29	AC=1;AF=0.009091;AN=110;BaseQRankSum=1.87;DP=1077;FS=1.808;MLEAC=1;MLEAF=0.009091;MQ=60;MQRankSum=0;QD=17.82;ReadPosRankSum=0.469;SOR=0.375;ANN=T	YMR017W	c.991C>T	p.Gln331*	Co
CoBM15	IOC4	chrXIII	356311	C	A	missense_variant	MODERATE	812.29	AC=1;AF=0.009091;AN=110;DP=443;FS=0;MLEAC=1;MLEAF=0.009091;MQ=60;QD=31.95;SOR=0.963;ANN=A	YMR044W	c.928C>A	p.Pro310Thr	Co
CdBM30	CSM3	chrXIII	367082	T	C	synonymous_variant	LOW	835.29	AC=1;AF=0.009091;AN=110;DP=897;FS=0;MLEAC=1;MLEAF=0.009091;MQ=60;QD=32.13;SOR=1.981;ANN=C	YMR048W	c.102T>C	p.Asp34Asp	Cd
CdBM30	ERB1	chrXIII	369659	G	T	missense_variant	MODERATE	827.29	AC=1;AF=0.009091;AN=110;DP=901;FS=0;MLEAC=1;MLEAF=0.009091;MQ=60;QD=32.48;SOR=1.179;ANN=T	YMR049C	c.859C>A	p.Arg287Ser	Cd
MnBM32	RCO1	chrXIII	414724	G	A	missense_variant	MODERATE	712.29	AC=1;AF=0.009091;AN=110;DP=1051;FS=0;MLEAC=1;MLEAF=0.009091;MQ=60;QD=30.97;SOR=1.426;ANN=A	YMR075W	c.743G>A	p.Arg248Lys	Mn
MnBM42	VBA1	chrXIII	443426	A	G	synonymous_variant	LOW	1144.29	AC=1;AF=0.009091;AN=110;DP=1201;FS=0;MLEAC=1;MLEAF=0.009091;MQ=60;QD=31.69;SOR=1.112;ANN=G	YMR088C	c.1677T>C	p.Ser559Ser	Mn
MnBM32	ILV2	chrXIII	484091	G	A	missense_variant	MODERATE	905.29	AC=1;AF=0.009091;AN=110;DP=907;FS=0;MLEAC=1;MLEAF=0.009091;MQ=60;QD=34.82;SOR=0.846;ANN=A	YMR108W	c.8G>A	p.Arg3Lys	Mn
MnBM42	RRB1	chrXIII	533259	C	T	synonymous_variant	LOW	1259.29	AC=1;AF=0.009091;AN=110;DP=1737;FS=0;MLEAC=1;MLEAF=0.009091;MQ=60;QD=31.68;SOR=0.749;ANN=T	YMR131C	c.1440G>A	p.Lys480Lys	Mn
CoBM5	RIM11	chrXIII	547166	G	A	missense_variant	MODERATE	649.29	AC=1;AF=0.009091;AN=110;DP=2346;FS=0;MLEAC=1;MLEAF=0.009091;MQ=60;QD=34.17;SOR=1.292;ANN=A	YMR139W	c.1042G>A	p.Val348Ile	Co
CdBM44	INP2	chrXIII	585173	AT	A	frameshift_variant	HIGH	834.25	AC=1;AF=0.009091;AN=110;DP=2140;FS=0;MLEAC=1;MLEAF=0.009091;MQ=60;QD=34.8;SOR=1.981;ANN=A	YMR163C	c.1215delA	p.Lys405fs	Cd
CdBM42	DDR48	chrXIII	609388	A	G	missense_variant	MODERATE	342.29	AC=1;AF=0.009091;AN=110;DP=972;FS=0;MLEAC=1;MLEAF=0.009091;MQ=57.68;QD=31.12;SOR=1.802;ANN=G	YMR173W	c.700A>G	p.Asn234Asp	Cd
CdBM32	EFR3	chrXIII	692578	TA	T	frameshift_variant	HIGH	651.25	AC=1;AF=0.009091;AN=110;DP=1041;FS=0;MLEAC=1;MLEAF=0.009091;MQ=60;QD=29.6;SOR=0.874;ANN=T	YMR212C	c.465delT	p.Phe155fs	Cd
CdBM32	RRP5	chrXIII	732526	T	G	upstream_gene_variant	MODIFIER	256.29	AC=1;AF=0.009091;AN=110;BaseQRankSum=-0.674;DP=1181;FS=2.522;MLEAC=1;MLEAF=0.009091;MQ=60;MQRankSum=0;QD=19.71;ReadPosRankSum=0.857;SOR=0.877;ANN=G	YMR229C	c.-1403A>C	NA	Cd
MnBM42	PET111	chrXIII	779986	C	T	synonymous_variant	LOW	1440.29	AC=1;AF=0.009091;AN=110;DP=929;FS=0;MLEAC=1;MLEAF=0.009091;MQ=60;QD=28.22;SOR=0.741;ANN=T	YMR257C	c.2046G>A	p.Ala682Ala	Mn
CoBM15	TPS3	chrXIII	792034	C	G	missense_variant	MODERATE	939.29	AC=1;AF=0.009091;AN=110;DP=929;FS=0;MLEAC=1;MLEAF=0.009091;MQ=60;QD=34.79;SOR=0.922;ANN=G	YMR261C	c.1336G>C	p.Asp446His	Co
CoBM2	RCE1	chrXIII	814661	G	T	stop_gained	HIGH	1284.29	AC=1;AF=0.009091;AN=110;DP=1061;FS=0;MLEAC=1;MLEAF=0.009091;MQ=60;QD=34.71;SOR=0.859;ANN=T	YMR274C	c.651C>A	p.Cys217*	Co
CuBM14	BUL1	chrXIII	817667	C	A	missense_variant	MODERATE	491.29	AC=1;AF=0.009091;AN=110;DP=1058;FS=0;MLEAC=1;MLEAF=0.009091;MQ=60;QD=32.75;SOR=2.448;ANN=A	YMR275C	c.915G>T	p.Met305Ile	Cu
MnBM42	PRC1	chrXIII	862525	A	T	missense_variant	MODERATE	952.29	AC=1;AF=0.009091;AN=110;DP=1085;FS=0;MLEAC=1;MLEAF=0.009091;MQ=60;QD=31.74;SOR=0.976;ANN=T	YMR297W	c.604A>T	p.Ile202Phe	Mn
CdBM25	FKS3	chrXIII	882649	G	A	synonymous_variant	LOW	252.29	AC=1;AF=0.009091;AN=110;BaseQRankSum=-1.527;DP=1172;FS=10.055;MLEAC=1;MLEAF=0.009091;MQ=60;MQRankSum=0;QD=14.84;ReadPosRankSum=-0.85;SOR=2.056;ANN=A	YMR306W	c.1491G>A	p.Leu497Leu	Cd
CdBM32	FET4	chrXIII	912911	C	G	missense_variant	MODERATE	972.29	AC=1;AF=0.009091;AN=110;DP=2076;FS=0;MLEAC=1;MLEAF=0.009091;MQ=60;QD=34.72;SOR=0.997;ANN=G	YMR319C	c.1628G>C	p.Arg543Pro	Cd
CdBM42	FET4	chrXIII	914235	TA	T	frameshift_variant	HIGH	416.25	AC=1;AF=0.009091;AN=110;DP=2377;FS=0;MLEAC=1;MLEAF=0.009091;MQ=60;QD=27.75;SOR=1.473;ANN=T	YMR319C	c.303delT	p.Phe101fs	Cd
CuBM14	FIG4	chrXIV	29337	C	T	missense_variant	MODERATE	961.29	AC=1;AF=0.009091;AN=110;DP=505;FS=0;MLEAC=1;MLEAF=0.009091;MQ=60;QD=30.97;SOR=1.358;ANN=T	YNL325C	c.2042G>A	p.Arg681Lys	Cu
CoBM18	MCK1	chrXIV	57472	C	T	synonymous_variant	LOW	962.29	AC=1;AF=0.009091;AN=110;DP=1177;FS=0;MLEAC=1;MLEAF=0.009091;MQ=60;QD=33.18;SOR=1.071;ANN=T	YNL307C	c.102G>A	p.Leu34Leu	Co
ZnBM45	RIM21	chrXIV	79837	TCAACGAGGCTAA	T	conservative_inframe_deletion	MODERATE	898.25	AC=1;AF=0.009091;AN=110;DP=1080;FS=0;MLEAC=1;MLEAF=0.009091;MQ=60;QD=30.82;SOR=0.784;ANN=T	YNL294C	c.412_423delTTAGCCTCGTTG	p.Leu138_Leu141del	Zn
CoBM2	BNI1	chrXIV	132973	G	C	missense_variant	MODERATE	931.29	AC=1;AF=0.009091;AN=110;DP=929;FS=0;MLEAC=1;MLEAF=0.009091;MQ=60;QD=28.3;SOR=1.022;ANN=C	YNL271C	c.2411C>G	p.Thr804Ser	Co
MnBM17	MPA43	chrXIV	180823	T	C	missense_variant	MODERATE	653.29	AC=1;AF=0.009091;AN=110;DP=1042;FS=0;MLEAC=1;MLEAF=0.009091;MQ=60;QD=34.38;SOR=1.402;ANN=C	YNL249C	c.200A>G	p.Gln67Arg	Mn
CuBM6	ATG2	chrXIV	195289	A	G	synonymous_variant	LOW	456.29	AC=1;AF=0.009091;AN=110;BaseQRankSum=-0.657;DP=2188;FS=0;MLEAC=1;MLEAF=0.009091;MQ=60;MQRankSum=0;QD=30.42;ReadPosRankSum=1.51;SOR=0.527;ANN=G	YNL242W	c.3966A>G	p.Leu1322Leu	Cu
MnBM14	NAR1	chrXIV	199110	G	A	stop_gained	HIGH	827.29	AC=1;AF=0.009091;AN=110;DP=1080;FS=0;MLEAC=1;MLEAF=0.009091;MQ=60;QD=26.69;SOR=1.839;ANN=A	YNL240C	c.868C>T	p.Arg290*	Mn
MnBM39	BNI4	chrXIV	214433	A	T	missense_variant	MODERATE	1179.29	AC=1;AF=0.009091;AN=110;DP=1024;FS=0;MLEAC=1;MLEAF=0.009091;MQ=60;QD=34.68;SOR=1.085;ANN=T	YNL233W	c.2512A>T	p.Ile838Leu	Mn
MnBM42	IPI3	chrXIV	297316	G	A	synonymous_variant	LOW	1345.29	AC=1;AF=0.009091;AN=110;DP=935;FS=0;MLEAC=1;MLEAF=0.009091;MQ=60;QD=29.35;SOR=0.693;ANN=A	YNL182C	c.312C>T	p.Asp104Asp	Mn
MnBM14	FYV6	chrXIV	374578	G	A	stop_gained	HIGH	626.29	AC=1;AF=0.009091;AN=110;DP=916;FS=0;MLEAC=1;MLEAF=0.009091;MQ=60;QD=31.31;SOR=1.402;ANN=A	YNL133C	c.115C>T	p.Gln39*	Mn
CdBM47	MLS1	chrXIV	407160	A	G	missense_variant	MODERATE	672.29	AC=1;AF=0.009091;AN=110;DP=898;FS=0;MLEAC=1;MLEAF=0.009091;MQ=60;QD=31.4;SOR=1.292;ANN=G	YNL117W	c.803A>G	p.Gln268Arg	Cd
ZnBM44	PHO23	chrXIV	441972	T	A	synonymous_variant	LOW	736.29	AC=1;AF=0.009091;AN=110;DP=2144;FS=0;MLEAC=1;MLEAF=0.009091;MQ=60;QD=30.52;SOR=2.179;ANN=A	YNL097C	c.387A>T	p.Pro129Pro	Zn
MnBM14	TOP 2.00	chrXIV	461419	G	A	missense_variant	MODERATE	551.29	AC=1;AF=0.009091;AN=110;DP=1123;FS=0;MLEAC=1;MLEAF=0.009091;MQ=60;QD=30.63;SOR=0.693;ANN=A	YNL088W	c.3716G>A	p.Ser1239Asn	Mn
MnBM14	MKT1	chrXIV	469502	G	A	missense_variant	MODERATE	750.29	AC=1;AF=0.009091;AN=110;DP=1424;FS=0;MLEAC=1;MLEAF=0.009091;MQ=60;QD=34.1;SOR=0.693;ANN=A	YNL085W	c.2372G>A	p.Arg791Lys	Mn
MnBM14	SWS2	chrXIV	476401	T	C	synonymous_variant	LOW	650.29	AC=1;AF=0.009091;AN=110;DP=1560;FS=0;MLEAC=1;MLEAF=0.009091;MQ=60;QD=31.74;SOR=0.693;ANN=C	YNL081C	c.219A>G	p.Ala73Ala	Mn
MnBM14	MLF 3.00	chrXIV	487720	T	A	synonymous_variant	LOW	447.29	AC=1;AF=0.009091;AN=110;DP=1286;FS=0;MLEAC=1;MLEAF=0.009091;MQ=60;QD=29.82;SOR=1.112;ANN=A	YNL074C	c.405A>T	p.Ser135Ser	Mn
CoBM14	IDH1	chrXIV	558815	A	T	missense_variant	MODERATE	131.29	AC=1;AF=0.009091;AN=110;BaseQRankSum=-0.723;DP=365;FS=0;MLEAC=1;MLEAF=0.009091;MQ=60;MQRankSum=0;QD=10.1;ReadPosRankSum=-0.451;SOR=0.892;ANN=T	YNL037C	c.188T>A	p.Ile63Lys	Co
CoBM2	SIW14	chrXIV	574713	C	T	stop_gained	HIGH	584.29	AC=1;AF=0.009091;AN=110;DP=386;FS=0;MLEAC=1;MLEAF=0.009091;MQ=60;QD=30.75;SOR=0.793;ANN=T	YNL032W	c.208C>T	p.Arg70*	Co
CoBM20	SIW14	chrXIV	574928	G	GT	frameshift_variant	HIGH	650.25	AC=1;AF=0.009091;AN=110;DP=382;FS=0;MLEAC=1;MLEAF=0.009091;MQ=60;QD=31.27;SOR=1.244;ANN=GT	YNL032W	c.428dupT	p.Leu143fs	Co
CoBM20	SIW14	chrXIV	574936	A	C	missense_variant	MODERATE	650.29	AC=1;AF=0.009091;AN=110;DP=383;FS=0;MLEAC=1;MLEAF=0.009091;MQ=60;QD=28.53;SOR=1.371;ANN=C	YNL032W	c.431A>C	p.His144Pro	Co
CoBM17	SIW14	chrXIV	575008	T	A	stop_gained	HIGH	872.29	AC=1;AF=0.009091;AN=110;DP=393;FS=0;MLEAC=1;MLEAF=0.009091;MQ=60;QD=34.89;SOR=1.609;ANN=A	YNL032W	c.503T>A	p.Leu168*	Co
CoBM16	SIW14	chrXIV	575167	C	A	missense_variant	MODERATE	918.29	AC=1;AF=0.009091;AN=110;DP=396;FS=0;MLEAC=1;MLEAF=0.009091;MQ=60;QD=32.8;SOR=0.836;ANN=A	YNL032W	c.662C>A	p.Thr221Lys	Co
CoBM18	SIW14	chrXIV	575229	G	A	missense_variant	MODERATE	782.29	AC=1;AF=0.009091;AN=110;DP=391;FS=0;MLEAC=1;MLEAF=0.009091;MQ=60;QD=33.74;SOR=0.99;ANN=A	YNL032W	c.724G>A	p.Glu242Lys	Co
CoBM1	HHF2	chrXIV	577027	TTCGGTGGTTAAACAA	T	frameshift_variant&stop_lost&splice_region_variant	HIGH	1316.59	AC=2;AF=0.018;AN=110;DP=403;FS=0;MLEAC=2;MLEAF=0.018;MQ=60;QD=26.69;SOR=0.693;ANN=T	YNL030W	c.302_*4delTCGGTGGTTAAACAA	p.Phe101fs	Co
ZnBM38	HHF2	chrXIV	577027	TTCGGTGGTTAAACAA	T	frameshift_variant&stop_lost&splice_region_variant	HIGH	1316.59	AC=2;AF=0.018;AN=110;DP=403;FS=0;MLEAC=2;MLEAF=0.018;MQ=60;QD=26.69;SOR=0.693;ANN=T	YNL030W	c.302_*4delTCGGTGGTTAAACAA	p.Phe101fs	Zn
CuBM18	PRP2	chrXIV	644572	G	A	synonymous_variant	LOW	600.29	AC=1;AF=0.009091;AN=110;DP=694;FS=0;MLEAC=1;MLEAF=0.009091;MQ=60;QD=28.43;SOR=0.804;ANN=A	YNR011C	c.2379C>T	p.Thr793Thr	Cu
ZnBM12	ACC1	chrXIV	660428	C	A	missense_variant	MODERATE	1505.63	AC=2;AF=0.018;AN=110;BaseQRankSum=1.69;DP=745;FS=3.372;MLEAC=2;MLEAF=0.018;MQ=60;MQRankSum=0;QD=30.11;ReadPosRankSum=-1.346;SOR=0.549;ANN=A	YNR016C	c.947G>T	p.Gly316Val	Zn
ZnBM15	ACC1	chrXIV	660428	C	A	missense_variant	MODERATE	1505.63	AC=2;AF=0.018;AN=110;BaseQRankSum=1.69;DP=745;FS=3.372;MLEAC=2;MLEAF=0.018;MQ=60;MQRankSum=0;QD=30.11;ReadPosRankSum=-1.346;SOR=0.549;ANN=A	YNR016C	c.947G>T	p.Gly316Val	Zn
MnBM12	SSK2	chrXIV	681959	C	A	stop_gained	HIGH	1071.29	AC=1;AF=0.009091;AN=110;DP=919;FS=0;MLEAC=1;MLEAF=0.009091;MQ=60;QD=33.78;SOR=2.468;ANN=A	YNR031C	c.3475G>T	p.Glu1159*	Mn
MnBM12	DSE4	chrXIV	757064	C	T	missense_variant	MODERATE	366.29	AC=1;AF=0.009091;AN=110;DP=2349;FS=0;MLEAC=1;MLEAF=0.009091;MQ=60;QD=30.21;SOR=1.085;ANN=T	YNR067C	c.2036G>A	p.Gly679Asp	Mn
MnBM42	BDS1	chrXV	7199	C	T	missense_variant	MODERATE	1228.29	AC=1;AF=0.009091;AN=110;DP=564;FS=0;MLEAC=1;MLEAF=0.009091;MQ=60;QD=32.32;SOR=1.04;ANN=T	YOL164W	c.1025C>T	p.Thr342Ile	Mn
MnBM42	GAS4	chrXV	72169	A	G	synonymous_variant	LOW	1037.29	AC=1;AF=0.009091;AN=110;DP=1087;FS=0;MLEAC=1;MLEAF=0.009091;MQ=60;QD=32.42;SOR=0.957;ANN=G	YOL132W	c.870A>G	p.Ser290Ser	Mn
MnBM42	MDH2	chrXV	82001	C	T	missense_variant	MODERATE	1387.29	AC=1;AF=0.009091;AN=110;DP=955;FS=0;MLEAC=1;MLEAF=0.009091;MQ=60;QD=33.81;SOR=1.292;ANN=T	YOL126C	c.920G>A	p.Gly307Glu	Mn
CdBM42	SMF1	chrXV	91346	T	C	missense_variant	MODERATE	483.29	AC=1;AF=0.009091;AN=110;BaseQRankSum=0.575;DP=942;FS=0;MLEAC=1;MLEAF=0.009091;MQ=60;MQRankSum=0;QD=21.97;ReadPosRankSum=0.171;SOR=0.693;ANN=C	YOL122C	c.74A>G	p.Glu25Gly	Cd
CdBM29	PHM7	chrXV	162510	A	G	missense_variant	MODERATE	303.29	AC=1;AF=0.009091;AN=110;DP=403;FS=0;MLEAC=1;MLEAF=0.009091;MQ=60;QD=33.7;SOR=1.402;ANN=G	YOL084W	c.155A>G	p.Glu52Gly	Cd
MnBM13	MAM3	chrXV	214417	GT	G	frameshift_variant	HIGH	1400.59	AC=2;AF=0.018;AN=110;DP=824;FS=0;MLEAC=2;MLEAF=0.018;MQ=60;QD=33.35;SOR=0.693;ANN=G	YOL060C	c.1720delA	p.Thr574fs	Mn
MnBM31	MAM3	chrXV	214417	GT	G	frameshift_variant	HIGH	1400.59	AC=2;AF=0.018;AN=110;DP=824;FS=0;MLEAC=2;MLEAF=0.018;MQ=60;QD=33.35;SOR=0.693;ANN=G	YOL060C	c.1720delA	p.Thr574fs	Mn
MnBM16	MAM3	chrXV	214928	GC	G	frameshift_variant	HIGH	631.25	AC=1;AF=0.009091;AN=110;DP=822;FS=0;MLEAC=1;MLEAF=0.009091;MQ=60;QD=33.22;SOR=0.793;ANN=G	YOL060C	c.1209delG	p.Leu405fs	Mn
MnBM17	MAM3	chrXV	215066	C	A	stop_gained	HIGH	569.29	AC=1;AF=0.009091;AN=110;DP=821;FS=0;MLEAC=1;MLEAF=0.009091;MQ=60;QD=31.63;SOR=0.914;ANN=A	YOL060C	c.1072G>T	p.Glu358*	Mn
CoBM12	MAM3	chrXV	215342	A	G	missense_variant	MODERATE	428.29	AC=1;AF=0.009091;AN=110;DP=823;FS=0;MLEAC=1;MLEAF=0.009091;MQ=60;QD=32.95;SOR=0.836;ANN=G	YOL060C	c.796T>C	p.Phe266Leu	Co
CoBM18	MAM3	chrXV	215920	A	C	missense_variant	MODERATE	863.29	AC=1;AF=0.009091;AN=110;DP=836;FS=0;MLEAC=1;MLEAF=0.009091;MQ=60;QD=31.97;SOR=1.101;ANN=C	YOL060C	c.218T>G	p.Leu73Arg	Co
CoBM18	RPS15	chrXV	253378	G	C	missense_variant	MODERATE	325.29	AC=1;AF=0.009091;AN=110;DP=719;FS=0;MLEAC=1;MLEAF=0.009091;MQ=60;QD=32.53;SOR=0.693;ANN=C	YOL040C	c.200C>G	p.Ala67Gly	Co
MnBM14	TOP 1.00	chrXV	315291	C	G	missense_variant	MODERATE	469.29	AC=1;AF=0.009091;AN=110;DP=667;FS=0;MLEAC=1;MLEAF=0.009091;MQ=60;QD=27.21;SOR=0.836;ANN=G	YOL006C	c.97G>C	p.Ala33Pro	Mn
CoBM7	RRP6	chrXV	327032	T	C	synonymous_variant	LOW	1199.29	AC=1;AF=0.009091;AN=110;DP=713;FS=0;MLEAC=1;MLEAF=0.009091;MQ=60;QD=30.45;SOR=0.88;ANN=C	YOR001W	c.201T>C	p.Phe67Phe	Co
MnBM16	PET127	chrXV	361851	G	A	missense_variant	MODERATE	354.29	AC=1;AF=0.009091;AN=110;DP=1294;FS=0;MLEAC=1;MLEAF=0.009091;MQ=60;QD=32.21;SOR=1.27;ANN=A	YOR017W	c.440G>A	p.Ser147Asn	Mn
MnBM31	PEP12	chrXV	400693	G	A	missense_variant	MODERATE	204.29	AC=1;AF=0.009091;AN=110;BaseQRankSum=-0.628;DP=821;FS=4.31;MLEAC=1;MLEAF=0.009091;MQ=60;MQRankSum=0;QD=8.88;ReadPosRankSum=-1.375;SOR=0.595;ANN=A	YOR036W	c.346G>A	p.Val116Met	Mn
MnBM31	HIR2	chrXV	403773	A	C	missense_variant	MODERATE	574.29	AC=1;AF=0.009091;AN=110;BaseQRankSum=0.322;DP=825;FS=0;MLEAC=1;MLEAF=0.009091;MQ=60;MQRankSum=0;QD=19.8;ReadPosRankSum=-0.027;SOR=0.776;ANN=C	YOR038C	c.1616T>G	p.Val539Gly	Mn
CoBM20	TGL5	chrXV	478283	G	A	synonymous_variant	LOW	307.29	AC=1;AF=0.009091;AN=110;BaseQRankSum=-0.851;DP=675;FS=3.154;MLEAC=1;MLEAF=0.009091;MQ=60;MQRankSum=0;QD=8.54;ReadPosRankSum=1.41;SOR=0.257;ANN=A	YOR081C	c.906C>T	p.Ile302Ile	Co
CdBM32	RPT5	chrXV	546205	G	A	missense_variant	MODERATE	650.29	AC=1;AF=0.009091;AN=110;DP=839;FS=0;MLEAC=1;MLEAF=0.009091;MQ=60;QD=33.42;SOR=0.693;ANN=A	YOR117W	c.1177G>A	p.Ala393Thr	Cd
ZnBM16	SWT1	chrXV	648177	A	G	missense_variant	MODERATE	561.29	AC=1;AF=0.009091;AN=110;DP=399;FS=0;MLEAC=1;MLEAF=0.009091;MQ=60;QD=31.18;SOR=1.179;ANN=G	YOR166C	c.326T>C	p.Val109Ala	Zn
MnBM16	ULS1	chrXV	695079	G	C	missense_variant	MODERATE	206.29	AC=1;AF=0.009091;AN=110;DP=438;FS=0;MLEAC=1;MLEAF=0.009091;MQ=60;QD=29.47;SOR=0.941;ANN=C	YOR191W	c.2605G>C	p.Val869Leu	Mn
CoBM6	MCT1	chrXV	756662	G	A	synonymous_variant	LOW	868.29	AC=1;AF=0.009091;AN=110;DP=883;FS=0;MLEAC=1;MLEAF=0.009091;MQ=60;QD=30.63;SOR=1.051;ANN=A	YOR221C	c.897C>T	p.Phe299Phe	Co
CdBM30	ABP140	chrXV	785519	CA	C	frameshift_variant	HIGH	421.25	AC=1;AF=0.009091;AN=110;DP=569;FS=0;MLEAC=1;MLEAF=0.009091;MQ=60;QD=26.33;SOR=1.244;ANN=C	YOR239W	c.674delA	p.Asn225fs	Cd
CoBM15	FSF1	chrXV	831557	A	G	synonymous_variant	LOW	902.29	AC=1;AF=0.009091;AN=110;DP=563;FS=0;MLEAC=1;MLEAF=0.009091;MQ=60;QD=33.42;SOR=1.302;ANN=G	YOR271C	c.486T>C	p.Gly162Gly	Co
MnBM42	CPA1	chrXV	882919	A	G	synonymous_variant	LOW	1155.29	AC=1;AF=0.009091;AN=110;DP=1043;FS=0;MLEAC=1;MLEAF=0.009091;MQ=60;QD=31.22;SOR=0.746;ANN=G	YOR303W	c.21A>G	p.Lys7Lys	Mn
CdBM26	MYO2	chrXV	929249	G	T	missense_variant	MODERATE	555.29	AC=1;AF=0.009091;AN=110;DP=905;FS=0;MLEAC=1;MLEAF=0.009091;MQ=60;QD=32.66;SOR=0.804;ANN=T	YOR326W	c.3529G>T	p.Gly1177Cys	Cd
MnBM12	PDR10	chrXV	932506	T	A	missense_variant	MODERATE	600.29	AC=1;AF=0.009091;AN=110;DP=899;FS=0;MLEAC=1;MLEAF=0.009091;MQ=60;QD=28.71;SOR=1.244;ANN=A	YOR328W	c.704T>A	p.Ile235Asn	Mn
MnBM25	PDR10	chrXV	934229	T	A	stop_gained	HIGH	538.29	AC=1;AF=0.009091;AN=110;DP=901;FS=0;MLEAC=1;MLEAF=0.009091;MQ=60;QD=32.79;SOR=0.818;ANN=A	YOR328W	c.2427T>A	p.Tyr809*	Mn
MnBM38	KRE5	chrXV	952618	C	G	stop_gained	HIGH	1262.29	AC=1;AF=0.009091;AN=110;DP=838;FS=0;MLEAC=1;MLEAF=0.009091;MQ=60;QD=32.28;SOR=0.693;ANN=G	YOR336W	c.2846C>G	p.Ser949*	Mn
CuBM14	PYK2	chrXV	985697	G	A	synonymous_variant	LOW	548.29	AC=1;AF=0.009091;AN=110;DP=1628;FS=0;MLEAC=1;MLEAF=0.009091;MQ=60;QD=34.27;SOR=1.244;ANN=A	YOR347C	c.766C>T	p.Leu256Leu	Cu
MnBM27	MSC6	chrXV	1001702	A	C	missense_variant	MODERATE	694.29	AC=1;AF=0.009091;AN=110;DP=917;FS=0;MLEAC=1;MLEAF=0.009091;MQ=60;QD=34.17;SOR=0.793;ANN=C	YOR354C	c.1524T>G	p.Asn508Lys	Mn
MnBM42	RAD17	chrXV	1027373	G	T	missense_variant	MODERATE	1318.29	AC=1;AF=0.009091;AN=110;DP=923;FS=0;MLEAC=1;MLEAF=0.009091;MQ=60;QD=29.35;SOR=1.432;ANN=T	YOR368W	c.531G>T	p.Glu177Asp	Mn
MnBM38	GPB1	chrXV	1033961	T	C	synonymous_variant	LOW	1912.29	AC=1;AF=0.009091;AN=110;DP=982;FS=0;MLEAC=1;MLEAF=0.009091;MQ=60;QD=31.58;SOR=0.892;ANN=C	YOR371C	c.222A>G	p.Lys74Lys	Mn
MnBM34	PHR1	chrXV	1068424	T	A	missense_variant	MODERATE	505.29	AC=1;AF=0.009091;AN=110;BaseQRankSum=2.98;DP=501;FS=7.638;MLEAC=1;MLEAF=0.009091;MQ=60;MQRankSum=0;QD=16.3;ReadPosRankSum=1.36;SOR=2.527;ANN=A	YOR386W	c.1586T>A	p.Val529Asp	Mn
CoBM12	MDL 2.00	chrXVI	30675	G	T	missense_variant	MODERATE	450.29	AC=1;AF=0.009091;AN=110;DP=435;FS=0;MLEAC=1;MLEAF=0.009091;MQ=60;QD=32.16;SOR=1.112;ANN=T	YPL270W	c.194G>T	p.Arg65Ile	Co
MnBM42	FAS2	chrXVI	110829	T	C	synonymous_variant	LOW	1077.29	AC=1;AF=0.009091;AN=110;DP=838;FS=0;MLEAC=1;MLEAF=0.009091;MQ=60;QD=34.75;SOR=0.892;ANN=C	YPL231W	c.2178T>C	p.Gly726Gly	Mn
NiBM14	APL5	chrXVI	178825	A	G	missense_variant	MODERATE	225.29	AC=1;AF=0.009091;AN=110;BaseQRankSum=-3.44;DP=860;FS=0;MLEAC=1;MLEAF=0.009091;MQ=60;MQRankSum=0;QD=5.63;ReadPosRankSum=0.629;SOR=0.668;ANN=G	YPL195W	c.2603A>G	p.Glu868Gly	Ni
NiBM28	TCO89	chrXVI	205993	AG	A	frameshift_variant	HIGH	762.25	AC=1;AF=0.009091;AN=110;DP=857;FS=0;MLEAC=1;MLEAF=0.009091;MQ=60;QD=25;SOR=1.402;ANN=A	YPL180W	c.747delG	p.Asp251fs	Ni
CdBM39	PPQ1	chrXVI	208936	CA	C	frameshift_variant	HIGH	346.25	AC=1;AF=0.009091;AN=110;DP=852;FS=0;MLEAC=1;MLEAF=0.009091;MQ=60;QD=28.85;SOR=1.445;ANN=C	YPL179W	c.788delA	p.Lys263fs	Cd
MnBM42	PPQ1	chrXVI	208977	T	C	missense_variant	MODERATE	1382.29	AC=1;AF=0.009091;AN=110;DP=875;FS=0;MLEAC=1;MLEAF=0.009091;MQ=60;QD=34.56;SOR=1.292;ANN=C	YPL179W	c.821T>C	p.Leu274Pro	Mn
MnBM42	NIP100	chrXVI	222669	T	G	missense_variant	MODERATE	856.29	AC=1;AF=0.009091;AN=110;DP=1328;FS=0;MLEAC=1;MLEAF=0.009091;MQ=60;QD=30.62;SOR=0.963;ANN=G	YPL174C	c.105A>C	p.Glu35Asp	Mn
MnBM42	MEX67	chrXVI	229047	G	A	stop_gained	HIGH	1074.29	AC=1;AF=0.009091;AN=110;DP=1045;FS=0;MLEAC=1;MLEAF=0.009091;MQ=60;QD=26.8;SOR=1.143;ANN=A	YPL169C	c.1792C>T	p.Gln598*	Mn
MnBM42	MLH3	chrXVI	241077	T	C	missense_variant	MODERATE	1575.29	AC=1;AF=0.009091;AN=110;DP=790;FS=0;MLEAC=1;MLEAF=0.009091;MQ=60;QD=33.52;SOR=1.132;ANN=C	YPL164C	c.421A>G	p.Ile141Val	Mn
MnBM32	ISU1	chrXVI	297897	G	A	synonymous_variant	LOW	1485.29	AC=1;AF=0.009091;AN=110;DP=836;FS=0;MLEAC=1;MLEAF=0.009091;MQ=60;QD=26;SOR=1.075;ANN=A	YPL135W	c.345G>A	p.Leu115Leu	Mn
MnBM42	RNY1	chrXVI	317909	T	C	missense_variant	MODERATE	977.29	AC=1;AF=0.009091;AN=110;DP=764;FS=0;MLEAC=1;MLEAF=0.009091;MQ=60;QD=31.98;SOR=1.302;ANN=C	YPL123C	c.1037A>G	p.Asn346Ser	Mn
MnBM42	SSE1	chrXVI	351134	G	A	missense_variant	MODERATE	898.29	AC=1;AF=0.009091;AN=110;DP=766;FS=0;MLEAC=1;MLEAF=0.009091;MQ=60;QD=34.55;SOR=0.846;ANN=A	YPL106C	c.1142C>T	p.Ala381Val	Mn
MnBM42	MOT1	chrXVI	399531	G	A	missense_variant	MODERATE	1089.29	AC=1;AF=0.009091;AN=110;DP=924;FS=0;MLEAC=1;MLEAF=0.009091;MQ=60;QD=27.23;SOR=1.255;ANN=A	YPL082C	c.4553C>T	p.Pro1518Leu	Mn
MnBM42	MNN9	chrXVI	461357	C	A	missense_variant	MODERATE	1340.29	AC=1;AF=0.009091;AN=110;DP=949;FS=0;MLEAC=1;MLEAF=0.009091;MQ=60;QD=31.91;SOR=1.556;ANN=A	YPL050C	c.610G>T	p.Asp204Tyr	Mn
MnBM42	VTC3	chrXVI	515669	AG	A	frameshift_variant	HIGH	1022.25	AC=1;AF=0.009091;AN=110;DP=694;FS=0;MLEAC=1;MLEAF=0.009091;MQ=60;QD=31.31;SOR=1.528;ANN=A	YPL019C	c.1349delC	p.Ser450fs	Mn
MnBM42	RPA135	chrXVI	580614	T	C	missense_variant	MODERATE	1199.29	AC=1;AF=0.009091;AN=110;DP=723;FS=0;MLEAC=1;MLEAF=0.009091;MQ=60;QD=31.45;SOR=1.179;ANN=C	YPR010C	c.583A>G	p.Ile195Val	Mn
MnBM42	ATG11	chrXVI	662014	C	A	missense_variant	MODERATE	1666.29	AC=1;AF=0.009091;AN=110;DP=579;FS=0;MLEAC=1;MLEAF=0.009091;MQ=60;QD=33.27;SOR=0.737;ANN=A	YPR049C	c.2660G>T	p.Arg887Ile	Mn
MnBM42	SEC8	chrXVI	670433	G	A	missense_variant	MODERATE	1324.29	AC=1;AF=0.009091;AN=110;DP=566;FS=0;MLEAC=1;MLEAF=0.009091;MQ=60;QD=31.26;SOR=0.804;ANN=A	YPR055W	c.2758G>A	p.Ala920Thr	Mn
MnBM42	MRL1	chrXVI	699233	G	A	missense_variant	MODERATE	1308.29	AC=1;AF=0.009091;AN=110;DP=465;FS=0;MLEAC=1;MLEAF=0.009091;MQ=60;QD=27.76;SOR=1.27;ANN=A	YPR079W	c.365G>A	p.Cys122Tyr	Mn
CdBM30	DBF20	chrXVI	747862	CA	C	frameshift_variant	HIGH	609.25	AC=1;AF=0.009091;AN=110;DP=446;FS=0;MLEAC=1;MLEAF=0.009091;MQ=60;QD=27.69;SOR=0.693;ANN=C	YPR111W	c.567delA	p.Asp190fs	Cd
CoBM21	KAR3	chrXVI	815942	T	A	missense_variant	MODERATE	975.29	AC=1;AF=0.009091;AN=110;DP=395;FS=0;MLEAC=1;MLEAF=0.009091;MQ=60;QD=25.42;SOR=1.528;ANN=A	YPR141C	c.1982A>T	p.His661Leu	Co
CoBM18	ASN1	chrXVI	822877	A	C	missense_variant	MODERATE	648.29	AC=1;AF=0.009091;AN=110;DP=385;FS=0;MLEAC=1;MLEAF=0.009091;MQ=60;QD=34.12;SOR=0.793;ANN=C	YPR145W	c.258A>C	p.Glu86Asp	Co
MnBM42	GPH1	chrXVI	862883	C	A	missense_variant	MODERATE	1441.29	AC=1;AF=0.009091;AN=110;DP=674;FS=0;MLEAC=1;MLEAF=0.009091;MQ=60;QD=28.76;SOR=0.793;ANN=A	YPR160W	c.1578C>A	p.Phe526Leu	Mn
CoBM16	RHO1	chrXVI	875682	T	C	synonymous_variant	LOW	528.29	AC=1;AF=0.009091;AN=110;DP=971;FS=0;MLEAC=1;MLEAF=0.009091;MQ=60;QD=33.02;SOR=0.941;ANN=C	YPR165W	c.315T>C	p.Ile105Ile	Co
